station,dt,tn_depth,tn,month,year,din_depth,nox,nh4,din,din_N,nox_N,nh4_N,organic_N
BMR02,2019-05-23T00:00:00Z,0.101,0.427289940386102,May,2019,0.101,1.6770903298980784,1.6624336391603571,3.3395239690584355,0.0467767122346015,0.023491004250882384,0.02328570798371912,0.3805132281515005
BMR02,2019-06-12T00:00:00Z,-0.006,0.226380304235798,Jun,2019,-0.006,1.8180827505383073,2.2986122378663003,4.116694988404608,0.05766254670258334,0.02546588508679007,0.032196661615793265,0.16871775753321466
BMR02,2019-07-09T00:00:00Z,0.187,0.285733001540903,Jul,2019,0.187,3.0789562770195857,2.425764890505607,5.504721167525193,0.07710462939352537,0.043126940572213335,0.03397768882131204,0.20862837214737762
BMR02,2019-07-24T00:00:00Z,0.192,0.268785161793194,Jul,2019,0.192,3.1634444199336,3.1256966636811074,6.289141083614707,0.0880919991581912,0.04431036599000993,0.043781633168181275,0.1806931626350028
BMR02,2019-08-14T00:00:00Z,0.048,0.244473905362753,Aug,2019,0.048,1.9256350804900284,1.4962045730498714,3.4218396535399,0.04792970802713337,0.026972370572423826,0.020957337454709547,0.19654419733561965
BMR02,2019-09-05T00:00:00Z,0.104,0.524589754196872,Sep,2019,0.104,1.2451971235795,0.8405411580680143,2.0857382816475143,0.029214936111036732,0.01744147610997806,0.011773460001058677,0.4953748180858353
BMR02,2019-09-27T00:00:00Z,0.19,0.16790379450308,Sep,2019,0.19,1.0089188811970284,0.07146093896641643,1.080379820163445,0.015132880141029374,0.014131926768926776,0.001000953372102595,0.15277091436205062
BMR02,2019-10-25T00:00:00Z,0.253,0.229554230263732,Oct,2019,0.253,3.1273654294988145,2.924002959022057,6.0513683885208716,0.08476151701801185,0.043805007570989894,0.04095650944702195,0.14479271324572016
CMS1,2017-10-04T00:00:00Z,0.2,0.25,Oct,2017,0.2,0.77,6.29,7.0600000000000005,0.09888942,0.010785389999999999,0.08810403,0.15111058
CMS1,2019-05-22T00:00:00Z,0.53,0.435955141650684,May,2019,0.53,0.3143721618581293,0.3493210837426072,0.6636932456007365,0.009296351291129516,0.004403410871146817,0.004892940419982699,0.4266587903595545
CMS1,2019-06-12T00:00:00Z,0.064,0.176256989906918,Jun,2019,0.064,0.5639852571044257,0.530534283358345,1.0945195404627706,0.015330935203262026,0.007899741496261692,0.007431193707000338,0.16092605470365595
CMS1,2019-07-09T00:00:00Z,0.123,0.17547114504378,Jul,2019,0.123,0.39079335399157644,0.4510638754587757,0.8418572294503521,0.011791894212911082,0.005473842509360011,0.0063180517035510714,0.16367925083086893
CMS1,2019-07-23T00:00:00Z,0.147,0.206385194776397,Jul,2019,0.147,1.206402680124,0.11739157147752786,1.3237942516015277,0.0185423860821826,0.016898082340496865,0.0016443037416857327,0.1878428086942144
CMS1,2019-08-13T00:00:00Z,0.202,0.166974689292103,Aug,2019,0.202,0.206553501359595,0.19592770975538,0.402481211114975,0.005637554324087454,0.0028931948935438474,0.0027443594305436073,0.16133713496801555
CMS1,2019-09-05T00:00:00Z,0.131,0.229554230263732,Sep,2019,0.131,0.40767725539530136,0.08688207685505,0.49455933225035137,0.006927292566830672,0.005710335316321986,0.0012169572505086855,0.22262693769690134
CMS1,2019-09-26T00:00:00Z,0.061,0.179307853567286,Sep,2019,0.061,0.6425335625176949,0.12165308511043642,0.7641866476281313,0.010703962373327235,0.008999967610185353,0.0017039947631418827,0.16860389119395877
CMS1,2019-10-24T00:00:00Z,0.372,0.162901783677134,Oct,2019,0.372,0.5051894857501886,0.113087466649595,0.6182769523997836,0.00866020527226377,0.007076189126902892,0.0015840161453608771,0.15424157840487024
EEB18,2009-06-02T00:00:00Z,0.2,0.28,Jun,2009,0,2.94,14.53,17.47,0.24470229,0.04118058,0.20352171,0.03529771000000004
EEB18,2009-06-17T00:00:00Z,0.2,1.03,Jun,2009,0,5.82,5.19,11.010000000000002,0.15421707,0.08152074000000001,0.07269633,0.87578293
EEB18,2009-07-01T00:00:00Z,0.2,0.43,Jul,2009,0,1.84,2.35,4.19,0.058689330000000005,0.02577288,0.03291645,0.37131067
EEB18,2009-08-12T00:00:00Z,0.2,0.32,Aug,2009,0,1.37,7.5,8.870000000000001,0.12424209,0.019189590000000003,0.1050525,0.19575791
EEB18,2009-08-27T00:00:00Z,0.2,0.31,Aug,2009,0,2.07,3.92,5.99,0.08390193000000001,0.028994489999999994,0.05490744,0.22609806999999998
EEB18,2009-09-11T00:00:00Z,0.2,0.33,Sep,2009,0,0.9,0.73,1.63,0.02283141,0.012606299999999999,0.010225109999999999,0.30716859
EEB18,2009-09-29T00:00:00Z,0.2,0.41,Sep,2009,0,0.52,6.06,6.58,0.09216606000000001,0.00728364,0.08488242,0.31783394
EEB18,2010-05-20T00:00:00Z,0.2,0.37,May,2010,0,3.23,5.45,8.68,0.12158076,0.04524261,0.07633815,0.24841923999999999
EEB18,2010-07-23T00:00:00Z,0.2,0.38,Jul,2010,0,1.72,3.29,5.01,0.07017506999999999,0.024092040000000002,0.046083030000000004,0.30982493
EEB18,2010-09-03T00:00:00Z,0.2,0.3,Sep,2010,0,1,2.16,3.16,0.04426212,0.014007,0.03025512,0.25573788
EEB18,2011-07-18T00:00:00Z,0.2,0.34,Jul,2011,0,0.89,2.36,3.25,0.04552275,0.01246623,0.03305652,0.29447725
EEB18,2011-09-12T00:00:00Z,0.2,0.43,Sep,2011,0,1.69,0.82,2.51,0.03515756999999999,0.02367183,0.01148574,0.39484243
EEB18,2012-08-08T00:00:00Z,0.2,0.44,Aug,2012,0.1,3.59,2.505,6.095,0.085372665,0.05028513,0.035087534999999996,0.354627335
EEB18,2017-07-21T00:00:00Z,0.2,0.29,Jul,2017,0.2,1.25,1.88,3.13,0.04384191,0.01750875,0.026333159999999998,0.24615809
EEB18,2017-10-04T00:00:00Z,0.2,0.33,Oct,2017,0.2,0.61,8.22,8.83,0.12368181,0.00854427,0.11513754,0.20631819
EEB18,2019-05-23T00:00:00Z,0.112,0.504554651661955,May,2019,0.112,0.7277530640006,0.7624351461212286,1.4901882101218287,0.020873066259176454,0.010193637167456405,0.010679429091720049,0.48368158540277856
EEB18,2019-06-12T00:00:00Z,0.057,0.141969762850563,Jun,2019,0.057,1.8020485207217785,2.2032477483868145,4.005296269108593,0.05610218484140405,0.02524129362974995,0.03086089121165411,0.08586757800915895
EEB18,2019-07-09T00:00:00Z,0.155,0.302320276030901,Jul,2019,0.155,3.8709500528055143,1.885366116788543,5.756316169594057,0.08062872058750395,0.05422039738964683,0.02640832319785712,0.22169155544339705
EEB18,2019-07-23T00:00:00Z,0.076,0.273798628670713,Jul,2019,0.076,4.178686027684143,3.130599089637836,7.309285117321979,0.10238115663832896,0.05853085518977179,0.043850301448557165,0.171417472032384
EEB18,2019-08-14T00:00:00Z,0.14,0.232658865099259,Aug,2019,0.14,2.2055773618093855,2.067323927438743,4.272901289248129,0.059850528358498536,0.030893522106864062,0.028957006251634474,0.17280833674076046
EEB18,2019-09-05T00:00:00Z,0.102,0.372380901520727,Sep,2019,0.102,0.8603266465191858,0.705831867975675,1.5661585144948607,0.021937182312529512,0.012050595337794234,0.009886586974735278,0.3504437192081975
EEB18,2019-09-27T00:00:00Z,0.232,0.176049550977513,Sep,2019,0.232,1.44426805999,0.10679816018144786,1.5510662201714478,0.02172578454594147,0.02022986271627993,0.00149592182966154,0.15432376643157153
EEB18,2019-10-25T00:00:00Z,0.219,0.3243023188122,Oct,2019,0.219,5.668362951192008,2.457052639176129,8.125415590368137,0.11381269617428649,0.07939675985734646,0.03441593631694003,0.21048962263791351
HR1,2017-08-30T00:00:00Z,0.2,0.26,Aug,2017,0.2,0.59,7.94,8.530000000000001,0.11947971000000002,0.00826413,0.11121558000000001,0.14052029
HR1,2017-09-13T00:00:00Z,0.2,0.22,Sep,2017,0.2,0.02,0.09,0.11,0.00154077,2.8014e-4,0.00126063,0.21845923
HR1,2017-09-25T00:00:00Z,0.2,0.23,Sep,2017,0.2,0.01,0.11,0.12,0.0016808399999999999,1.4007e-4,0.00154077,0.22831916000000002
HR1,2019-05-23T00:00:00Z,0.266,0.285036219625886,May,2019,0.266,0.19733058113104357,0.03948553695864336,0.23681611808968694,0.0033170833660822446,0.0027640094499025276,5.530739161797175e-4,0.28171913625980377
HR1,2019-06-12T00:00:00Z,0.162,0.150655306382138,Jun,2019,0.162,0.574944054005605,0.8204626509343215,1.3954067049399264,0.01954546171609355,0.00805324136445651,0.011492220351637042,0.13110984466604444
HR1,2019-07-09T00:00:00Z,0.099,0.298929942385451,Jul,2019,0.099,1.093393643975507,0.2762289780797243,1.3696226220552312,0.019184304067127622,0.015315164771164924,0.003869139295962698,0.2797456383183234
HR1,2019-07-24T00:00:00Z,0.112,0.221164134333007,Jul,2019,0.112,0.36468585961399713,0.5642504259381321,0.9289362855521293,0.013011610551728675,0.005108154835613258,0.007903455716115417,0.20815252378127833
HR1,2019-08-14T00:00:00Z,0.158,0.221164134333007,Aug,2019,0.158,1.5080162673742714,0.8536952993623858,2.3617115667366573,0.033080493915280354,0.02112278385711142,0.011957710058168937,0.18808364041772663
HR1,2019-09-05T00:00:00Z,0.112,0.269145727050906,Sep,2019,0.112,0.5339925043319671,0.04725311641311264,0.5812456207450798,0.008141507409776332,0.007479633008177862,6.618744015984688e-4,0.2610042196411297
HR1,2019-09-27T00:00:00Z,0.245,0.280756819193904,Sep,2019,0.245,0.2913155532791614,0.002983732220923,0.29429928550008444,0.004122250091999683,0.004080456954781214,4.179313721846846e-5,0.2766345691019043
HR1,2019-10-25T00:00:00Z,0.245,0.17279124838774,Oct,2019,0.245,2.2398748979268643,0.04725311641311264,2.287128014339977,0.03203580209686005,0.03137392769526159,6.618744015984688e-4,0.14075544629087994
HR2,2017-08-24T00:00:00Z,0.2,0.28,Aug,2017,0.2,0.68,10.99,11.67,0.16346169,0.00952476,0.15393693,0.11653831000000003
HR2,2017-08-30T00:00:00Z,0.2,0.27,Aug,2017,0.2,0.09,0.3,0.39,0.00546273,0.00126063,0.004202099999999999,0.26453727
HR2,2017-09-13T00:00:00Z,0.2,0.24,Sep,2017,0.2,0.14,1.78,1.92,0.026893439999999998,0.00196098,0.02493246,0.21310656
HR2,2017-09-25T00:00:00Z,0.2,0.24,Sep,2017,0.2,1.13,15.18,16.31,0.22845416999999998,0.015827909999999997,0.21262626,0.011545830000000007
HR2,2019-08-14T00:00:00Z,0.152,0.53973238699771,Aug,2019,0.152,1.635749494096493,0.6395255414665607,2.2752750355630535,0.03186977742313169,0.022911943163809574,0.008957834259322115,0.5078626095745783
HR2,2019-09-05T00:00:00Z,0.247,0.284074274091904,Sep,2019,0.247,0.7117344118413464,0.7956380613705714,1.5073724732119178,0.02111376623227933,0.00996926390666174,0.011144502325617592,0.26296050785962466
HR2,2019-09-27T00:00:00Z,0.194,0.237489045333565,Sep,2019,0.194,0.47071638525862786,0.3396878804124014,0.8104042656710293,0.011351332549254106,0.0065933244083176005,0.004758008140936507,0.22613771278431088
HR3,2017-08-24T00:00:00Z,0.2,0.28,Aug,2017,0.2,0.07,0.09,0.16,0.00224112,9.8049e-4,0.00126063,0.27775888000000004
HR3,2017-08-30T00:00:00Z,0.2,0.28,Aug,2017,0.2,0.4,6.26,6.66,0.09328662,0.0056028,0.08768382,0.18671338000000004
HR3,2017-09-13T00:00:00Z,0.2,0.26,Sep,2017,0.2,0.16,3.96,4.12,0.057708840000000004,0.00224112,0.05546772,0.20229116
HR3,2019-08-14T00:00:00Z,0.189,0.18667994203425,Aug,2019,0.189,1.6314152329103073,0.6109695737471165,2.242384806657424,0.031409083986850536,0.02285123316737467,0.00855785081947586,0.15527085804739948
HR3,2019-09-05T00:00:00Z,0.15,0.303979003479901,Sep,2019,0.15,0.5083976696506164,1.274604426143343,1.7830020957939592,0.024974510355785986,0.007121126158796184,0.017853384196989803,0.279004493124115
HR3,2019-09-27T00:00:00Z,0.135,0.248597786431331,Sep,2019,0.135,0.5143223999009293,0.46818973514989715,0.9825121350508265,0.013762047475656927,0.007204113855412316,0.0065579336202446084,0.23483573895567408
HR4,2010-05-20T00:00:00Z,0.2,0.37,May,2010,0,1.97,4.77,6.739999999999999,0.09440717999999998,0.02759379,0.06681339,0.27559282
HR4,2010-07-23T00:00:00Z,0.2,0.49,Jul,2010,0,1.51,11.93,13.44,0.18825408,0.021150569999999997,0.16710351,0.30174592
HR4,2010-09-03T00:00:00Z,0.2,0.76,Sep,2010,0,1.47,3.33,4.8,0.06723359999999999,0.02059029,0.04664331,0.6927664
HR4,2011-07-18T00:00:00Z,0.2,0.5,Jul,2011,0,0.4,7.7,8.1,0.1134567,0.0056028,0.1078539,0.38654330000000003
HR4,2011-09-12T00:00:00Z,0.2,0.41,Sep,2011,0,0.34,2.89,3.23,0.04524261,0.00476238,0.04048023,0.36475738999999996
HR4,2012-08-08T00:00:00Z,0.2,1.49,Aug,2012,0.1,1.98,0.503,2.483,0.034779381,0.02773386,0.007045521,1.4552206189999999
HR4,2012-09-12T00:00:00Z,0.2,0.53,Sep,2012,0.1,0.19,3.432,3.622,0.050733354,0.00266133,0.048072024,0.479266646
HR4,2019-05-22T00:00:00Z,0.11,0.332694826581085,May,2019,0.11,0.701190435750485,0.43784552568088214,1.1390359614313672,0.01595447671176916,0.009821574433557042,0.0061329022782121165,0.3167403498693159
HR4,2019-06-13T00:00:00Z,0.048,0.190360648240766,Jun,2019,0.048,1.3693672585516141,3.760867743218364,5.130235001769978,0.07185920166979207,0.01918072719053246,0.05267847447925962,0.11850144657097395
HR4,2019-07-23T00:00:00Z,0.12,0.334469337600349,Jul,2019,0.12,1.1956043078126712,3.11081784477135,4.306422152584021,0.060320055091244384,0.016746829539532087,0.0435732255517123,0.27414928250910464
HR4,2019-08-13T00:00:00Z,0.123,0.387016678246074,Aug,2019,0.123,2.9276646090373073,3.3246894984149358,6.252354107452243,0.08757672398308357,0.04100779817878556,0.04656892580429801,0.2994399542629904
HR4,2019-09-06T00:00:00Z,0.028,0.387839219312779,Sep,2019,0.028,2.466014159628564,5.1063353443255215,7.572349503954086,0.10606589950188487,0.03454146033391729,0.07152443916796757,0.2817733198108941
HR4,2019-09-26T00:00:00Z,-0.021,0.356885344709933,Sep,2019,-0.021,3.4354514025150715,5.092425564964586,8.527876967479656,0.11944997268348755,0.04812036779502861,0.07132960488845895,0.23743537202644543
HR4,2019-10-24T00:00:00Z,0.465,0.334293789185528,Oct,2019,0.465,2.00363171579815,2.525155545268529,4.528787261066679,0.06343472316576097,0.028064869443184686,0.03536985372257628,0.270859066019767
KVL84,2007-05-17T00:00:00Z,0.2,0.25126,May,2007,0,0.09,2.07,2.1599999999999997,0.030255119999999993,0.00126063,0.028994489999999994,0.22100488
KVL84,2007-05-22T00:00:00Z,0.2,0.251295,May,2007,0,0.0925,0.0158,0.10830000000000001,0.0015169581000000001,0.0012956475,2.2131060000000002e-4,0.2497780419
KVL84,2007-06-14T00:00:00Z,0.2,0.2885,Jun,2007,0,2.75,7.56,10.309999999999999,0.14441216999999998,0.03851925,0.10589291999999999,0.14408783
KVL84,2007-06-21T00:00:00Z,0.2,0.27268,Jun,2007,0,1.62,5.41,7.03,0.09846921,0.02269134,0.07577787000000001,0.17421078999999998
KVL84,2007-06-27T00:00:00Z,0.2,0.8003,Jun,2007,0,1.45,6.2,7.65,0.10715355,0.02031015,0.0868434,0.69314645
KVL84,2007-07-05T00:00:00Z,0.2,0.29358,Jul,2007,0,0.97,4.6,5.569999999999999,0.07801898999999998,0.01358679,0.0644322,0.21556101000000003
KVL84,2007-07-11T00:00:00Z,0.2,0.2906,Jul,2007,0,2.9,6.33,9.23,0.12928461000000002,0.0406203,0.08866431,0.16131539
KVL84,2007-07-26T00:00:00Z,0.2,0.28276,Jul,2007,0,2.34,4.66,7,0.098049,0.032776379999999994,0.06527262,0.18471100000000001
KVL84,2007-08-02T00:00:00Z,0.2,0.27044,Aug,2007,0,1.46,2.27,3.73,0.05224611,0.020450219999999998,0.03179589,0.21819389
KVL84,2007-08-07T00:00:00Z,0.2,0.37054,Aug,2007,0,3.61,3.4,7.01,0.09818907,0.050565269999999995,0.047623799999999994,0.27235093
KVL84,2007-08-14T00:00:00Z,0.2,0.5745600000000001,Aug,2007,0,1.04,1.21,2.25,0.03151575,0.01456728,0.01694847,0.5430442500000001
KVL84,2007-08-21T00:00:00Z,0.2,0.65108,Aug,2007,0,2.22,1.96,4.18,0.05854926,0.031095540000000005,0.02745372,0.59253074
KVL84,2007-08-30T00:00:00Z,0.2,0.257,Aug,2007,0,0.5,1.41,1.91,0.026753369999999995,0.0070035,0.01974987,0.23024663
KVL84,2007-09-05T00:00:00Z,0.2,0.8317,Sep,2007,0,6.55,5.32,11.870000000000001,0.16626309,0.09174584999999999,0.07451724,0.6654369099999999
KVL84,2007-09-12T00:00:00Z,0.2,0.26862,Sep,2007,0,1.33,8.14,9.47,0.13264629,0.01862931,0.11401698,0.13597371000000003
KVL84,2007-09-18T00:00:00Z,0.2,0.29144,Sep,2007,0,2.96,2.5,5.46,0.07647822,0.04146072,0.0350175,0.21496178
KVL84,2007-09-25T00:00:00Z,0.2,0.25924,Sep,2007,0,0.66,4.92,5.58,0.07815906,0.009244619999999999,0.06891444,0.18108094000000002
KVL84,2007-10-04T00:00:00Z,0.2,0.30558,Oct,2007,0,3.97,4.83,8.8,0.1232616,0.055607790000000004,0.06765381,0.18231840000000002
KVL84,2007-10-11T00:00:00Z,0.2,0.4216,Oct,2007,0,4.4,4.04,8.440000000000001,0.11821908000000002,0.0616308,0.05658828,0.30338091999999994
KVL84,2008-05-06T00:00:00Z,0.2,0.34,May,2008,0,3.31,3.4,6.71,0.09398697,0.046363169999999995,0.047623799999999994,0.24601303000000002
KVL84,2008-05-15T00:00:00Z,0.2,0.39,May,2008,0,2.95,6.47,9.42,0.13194594,0.04132065,0.09062529,0.25805406
KVL84,2008-05-21T00:00:00Z,0.2,0.23,May,2008,0,3.7,2.83,6.53,0.09146571,0.0518259,0.03963981,0.13853429
KVL84,2008-06-04T00:00:00Z,0.2,0.38,Jun,2008,0,3.25,6.66,9.91,0.13880937,0.04552275,0.09328662,0.24119063000000002
KVL84,2008-06-10T00:00:00Z,0.2,0.26,Jun,2008,0,0.22,8.87,9.09,0.12732363,0.00308154,0.12424208999999999,0.13267637000000002
KVL84,2008-06-18T00:00:00Z,0.2,0.29,Jun,2008,0,0.67,9.52,10.19,0.14273133,0.009384690000000001,0.13334664,0.14726867
KVL84,2008-06-25T00:00:00Z,0.2,0.37,Jun,2008,0,0.57,7.82,8.39,0.11751873,0.00798399,0.10953474,0.25248127
KVL84,2008-07-09T00:00:00Z,0.2,0.5275,Jul,2008,0,0.31,7.61,7.92,0.11093544,0.00434217,0.10659327,0.41656456
KVL84,2008-08-05T00:00:00Z,0.2,0.38,Aug,2008,0,2.64,7.43,10.07,0.14105049,0.036978479999999994,0.10407200999999999,0.23894951
KVL84,2008-08-15T00:00:00Z,0.2,0.99,Aug,2008,0,3.54,17.7,21.24,0.29750867999999997,0.04958478,0.24792389999999997,0.69249132
KVL84,2008-08-19T00:00:00Z,0.2,0.34,Aug,2008,0,3.8,6.5,10.3,0.1442721,0.0532266,0.0910455,0.19572790000000004
KVL84,2008-08-26T00:00:00Z,0.2,0.41,Aug,2008,0,1.81,3.28,5.09,0.07129563,0.02535267,0.04594296,0.33870437
KVL84,2008-09-04T00:00:00Z,0.2,0.32,Sep,2008,0,2.17,4.11,6.28,0.08796396,0.03039519,0.05756877,0.23203604
KVL84,2008-09-11T00:00:00Z,0.2,0.73,Sep,2008,0,8.65,11.63,20.28,0.28406196,0.12116055,0.16290141,0.44593804
KVL84,2008-09-17T00:00:00Z,0.2,0.32,Sep,2008,0,1.89,4.62,6.51,0.09118557,0.026473229999999997,0.06471234,0.22881443
KVL84,2008-09-23T00:00:00Z,0.2,0.28,Sep,2008,0,3.7,4.09,7.79,0.10911453,0.0518259,0.05728863,0.17088547000000004
KVL84,2008-10-02T00:00:00Z,0.2,0.42,Oct,2008,0,2.2,6.34,8.54,0.11961978,0.0308154,0.08880437999999999,0.30038022
KVL84,2008-10-08T00:00:00Z,0.2,0.5,Oct,2008,0,7.49,7.2,14.690000000000001,0.20576283,0.10491243,0.10085039999999999,0.29423717
KVL84,2008-10-17T00:00:00Z,0.2,0.31,Oct,2008,0,2.3,4.61,6.91,0.09678837,0.0322161,0.06457227,0.21321162999999999
KVL84,2009-06-02T00:00:00Z,0.2,0.42,Jun,2009,0,4.72,7.13,11.85,0.16598295,0.06611304,0.09986990999999999,0.25401704999999997
KVL84,2009-06-17T00:00:00Z,0.2,0.48,Jun,2009,0,10.04,2.42,12.459999999999999,0.17452721999999998,0.14063027999999997,0.03389694,0.30547278
KVL84,2009-07-01T00:00:00Z,0.2,0.49,Jul,2009,0,6.31,5.28,11.59,0.16234113,0.08838417,0.07395695999999999,0.32765887
KVL84,2009-08-12T00:00:00Z,0.2,0.49,Aug,2009,0,9.91,2.56,12.47,0.17466729,0.13880937,0.03585792,0.31533270999999996
KVL84,2009-08-27T00:00:00Z,0.2,0.45,Aug,2009,0,7.19,5.33,12.52,0.17536764,0.10071033,0.07465730999999999,0.27463236
KVL84,2009-09-11T00:00:00Z,0.2,0.4,Sep,2009,0,3.12,11.84,14.96,0.20954472000000002,0.04370184,0.16584288,0.19045528
KVL84,2009-09-29T00:00:00Z,0.2,0.36,Sep,2009,0,3.02,4.46,7.48,0.10477236000000001,0.042301139999999994,0.062471219999999994,0.25522764
KVL84,2010-05-20T00:00:00Z,0.2,0.38,May,2010,0,1.88,10.93,12.809999999999999,0.17942966999999999,0.026333159999999998,0.15309651,0.20057033000000002
KVL84,2010-07-23T00:00:00Z,0.2,0.39,Jul,2010,0,2.86,5.06,7.92,0.11093544,0.040060019999999995,0.07087542,0.27906456
KVL84,2010-09-03T00:00:00Z,0.2,0.43,Sep,2010,0,3.51,6.97,10.48,0.14679336,0.04916457,0.09762879,0.28320663999999995
KVL84,2011-09-12T00:00:00Z,0.2,0.4,Sep,2011,0,3.44,3.91,7.35,0.10295145,0.048184080000000004,0.05476737,0.29704855
KVL84,2012-08-08T00:00:00Z,0.2,0.35,Aug,2012,0.1,3.06,3.21,6.27,0.08782388999999999,0.042861420000000004,0.04496247,0.26217610999999996
KVL84,2012-09-12T00:00:00Z,0.2,0.38,Sep,2012,0.1,2.93,2.265,5.195,0.07276636500000001,0.04104051,0.031725855,0.307233635
KVL84,2017-07-21T00:00:00Z,0.2,0.26,Jul,2017,0.2,0.43,0.61,1.04,0.01456728,0.0060230100000000005,0.00854427,0.24543272000000002
MPL86,2019-05-22T00:00:00Z,0.093,0.364467231217885,May,2019,0.093,4.080731492489558,0.12280927326152857,4.203540765751086,0.058878995505875456,0.05715880601530123,0.0017201894905742308,0.30558823571200955
MPL86,2019-06-13T00:00:00Z,0.198,0.153700490244008,Jun,2019,0.198,0.6580604924435786,0.5464283649382579,1.2044888573818364,0.01687127542534738,0.009217453317657205,0.007653822107690177,0.13682921481866062
MPL86,2019-07-10T00:00:00Z,0.276,0.193823104641404,Jul,2019,0.276,0.19425256730114143,0.43516979387886146,0.6294223611800029,0.0088163190130483,0.002720895710187088,0.006095423302861212,0.1850067856283557
MPL86,2019-07-22T00:00:00Z,0.166,0.26565287219628,Jul,2019,0.166,1.0307376238133998,0.2970039582673179,1.3277415820807177,0.01859767634020461,0.014437541896754292,0.004160134443450322,0.24705519585607535
MPL86,2019-08-13T00:00:00Z,0.188,0.18667994203425,Aug,2019,0.188,0.46361725179978003,0.012041239250461928,0.47565849105024194,0.006662548484140739,0.0064938868459595185,1.686616381812202e-4,0.18001739355010926
MPL86,2019-09-06T00:00:00Z,0.271,0.247732207952526,Sep,2019,0.271,1.4847866097105713,0.20719776487242286,1.6919843745829941,0.023699625134783995,0.02079740604221597,0.002902219092568027,0.22403258281774202
MPL86,2019-09-26T00:00:00Z,0.148,0.226553241119,Sep,2019,0.148,0.2737783517382357,0.0268961641794505,0.30067451591768624,0.004211547944459031,0.0038348133727974677,3.767345716615632e-4,0.22234169317454097
MPL86,2019-10-24T00:00:00Z,0.409,0.27240223164083,Oct,2019,0.409,0.4415155578008286,1.4991721517448142,1.9406877095456427,0.02718321274760582,0.006184308418116205,0.02099890432948961,0.24521901889322417
NMM79,2010-05-20T00:00:00Z,0.2,0.41,May,2010,0,0.57,4.4,4.970000000000001,0.06961479000000001,0.00798399,0.0616308,0.34038521
NMM79,2010-07-01T00:00:00Z,0.2,0.46,Jul,2010,0,0.69,2.35,3.04,0.04258128,0.00966483,0.03291645,0.41741872
NMM79,2010-07-08T00:00:00Z,0.2,0.56,Jul,2010,0,0.16,2.29,2.45,0.034317150000000005,0.00224112,0.032076030000000005,0.52568285
NMM79,2010-07-15T00:00:00Z,0.2,0.59,Jul,2010,0,0.49,3.43,3.92,0.05490744,0.00686343,0.04804401,0.5350925599999999
NMM79,2010-07-21T00:00:00Z,0.2,0.57,Jul,2010,0,0.23,2.6,2.83,0.03963981,0.00322161,0.0364182,0.5303601899999999
NMM79,2010-07-23T00:00:00Z,0.2,0.47,Jul,2010,0,0.47,1.99,2.46,0.03445722,0.0065832899999999995,0.027873929999999998,0.43554277999999996
NMM79,2010-08-31T00:00:00Z,0.2,0.47,Aug,2010,0,0.12,2.34,2.46,0.03445722,0.0016808399999999999,0.032776379999999994,0.43554277999999996
NMM79,2010-09-03T00:00:00Z,0.2,0.48,Sep,2010,0,0.05,4.03,4.08,0.057148559999999994,7.0035e-4,0.056448210000000006,0.42285143999999997
NMM79,2010-09-03T00:00:00Z,0.2,0.48,Sep,2010,0,1,5.39,6.39,0.08950472999999999,0.014007,0.07549772999999999,0.39049527
NMM79,2011-07-18T00:00:00Z,0.2,0.59,Jul,2011,0,0.04,3.02,3.06,0.042861420000000004,5.6028e-4,0.042301139999999994,0.5471385799999999
NMM79,2011-09-12T00:00:00Z,0.2,0.48,Sep,2011,0,0.22,1.63,1.8499999999999999,0.025912949999999997,0.00308154,0.02283141,0.45408705
NMM79,2012-08-08T00:00:00Z,0.2,0.51,Aug,2012,0.1,0.67,0.07,0.74,0.01036518,0.009384690000000001,9.8049e-4,0.49963482000000004
NMM79,2012-09-12T00:00:00Z,0.2,0.45,Sep,2012,0.1,0.54,3.822,4.362,0.061098534,0.00756378,0.053534754,0.38890146600000003
NMM79,2012-09-12T00:00:00Z,0.2,0.45,Sep,2012,0.1,0.67,4.092,4.762,0.06670133399999999,0.009384690000000001,0.057316644,0.383298666
NMM79,2012-09-12T00:00:00Z,0.2,0.5,Sep,2012,0.1,0.54,3.822,4.362,0.061098534,0.00756378,0.053534754,0.438901466
NMM79,2012-09-12T00:00:00Z,0.2,0.5,Sep,2012,0.1,0.67,4.092,4.762,0.06670133399999999,0.009384690000000001,0.057316644,0.433298666
NMM79,2017-10-04T00:00:00Z,0.2,0.65,Oct,2017,0.2,0.5,5.69,6.19,0.08670333000000001,0.0070035,0.07969983,0.56329667
NMM79,2019-05-22T00:00:00Z,0.081,0.34280422805643,May,2019,0.081,0.5016940298303207,0.6591566305265707,1.1608506603568913,0.016260035199618977,0.007027228275833303,0.009232806923785676,0.326544192856811
NMM79,2019-06-13T00:00:00Z,0.226,0.266669352125316,Jun,2019,0.226,0.9454603364046928,0.9158271404138071,1.8612874768185,0.026071053687796726,0.013243062932020532,0.012827990755776196,0.2405982984375193
NMM79,2019-07-10T00:00:00Z,0.266,0.479804113073878,Jul,2019,0.266,0.4828687039985907,0.5025810193360478,0.9854497233346385,0.013803194274748283,0.006763541936908261,0.007039652337840022,0.4660009187991297
NMM79,2019-07-22T00:00:00Z,0.192,0.368953529899106,Jul,2019,0.192,1.3231727756105787,2.337311047982929,3.6604838235935073,0.051272396917074255,0.018533681067977377,0.032738715849096885,0.31768113298203177
NMM79,2019-08-13T00:00:00Z,0.173,0.729960991238979,Aug,2019,0.173,1.3061127778074284,1.2807231188714856,2.586835896678914,0.036233810404781554,0.018294721678748647,0.0179390887260329,0.6937271808341974
NMM79,2019-09-26T00:00:00Z,0.241,1.60970269047778,Sep,2019,0.241,1.94093738074585,7.7107149527775,9.65165233352335,0.13519069423566157,0.02718670989210712,0.10800398434355443,1.4745119962421185
NMM79,2019-10-24T00:00:00Z,0.342,0.445381200163192,Oct,2019,0.342,2.273588121071057,3.3899129769528002,5.663501098023858,0.07932865988002016,0.03184614881184229,0.04748251106817787,0.3660525402831718
OBY35,2019-05-22T00:00:00Z,0.028,0.206327308139269,May,2019,0.028,0.22666014982388288,0.06899368427140165,0.29565383409528456,0.004141223254172651,0.0031748287185831272,9.663945355895229e-4,0.20218608488509635
OBY35,2019-06-13T00:00:00Z,0.102,0.204455356539914,Jun,2019,0.102,0.4955455233951921,0.18086448860024215,0.6764100119954343,0.009474475038020047,0.006941106146196455,0.002533368891823592,0.19498088150189397
OBY35,2019-07-10T00:00:00Z,0.26,0.126041294695175,Jul,2019,0.26,0.8563240509208428,0.12112306141811857,0.9774471123389614,0.013691101702531832,0.011994530981248246,0.0016965707212835868,0.11235019299264316
OBY35,2019-07-22T00:00:00Z,0.138,0.170258898082461,Jul,2019,0.138,0.15393042040970997,0.31131050447229713,0.4652409248820071,0.006516629634822273,0.0021561033986788078,0.004360526236143466,0.16374226844763873
OBY35,2019-08-13T00:00:00Z,0.169,0.135774705783705,Aug,2019,0.169,0.42178190244462216,0.10117078882439356,0.5229526912690157,0.0073249983466051015,0.005907899107541822,0.0014170992390632807,0.1284497074370999
OBY35,2019-09-06T00:00:00Z,0.33,0.316156562337766,Sep,2019,0.33,1.4997593005538354,0.4214455888918414,1.9212048894456768,0.026910316886465595,0.021007128522857573,0.005903188363608023,0.2892462454513004
OBY35,2019-09-26T00:00:00Z,0.272,0.256532601501164,Sep,2019,0.272,0.53802132090218,0.012617679183483572,0.5506390000856636,0.00771280047419989,0.007536064641876836,1.7673583232305439e-4,0.24881980102696413
P5BSD,2007-05-25T00:00:00Z,0.2,0.57842,May,2007,0,2.03,0.4,2.4299999999999997,0.03403700999999999,0.028434209999999998,0.0056028,0.54438299
P5BSD,2007-06-29T00:00:00Z,0.2,0.60036,Jun,2007,0.1,0.74,1.6,2.34,0.032776379999999994,0.01036518,0.0224112,0.56758362
P5BSD,2007-07-31T00:00:00Z,0.2,0.29946,Jul,2007,0,1.39,3.46,4.85,0.06793394999999999,0.019469729999999998,0.048464219999999995,0.23152605
P5BSD,2007-08-31T00:00:00Z,0.2,0.53266,Aug,2007,0,0.19,1.68,1.8699999999999999,0.02619309,0.00266133,0.02353176,0.50646691
P5BSD,2007-10-26T00:00:00Z,0.2,0.3302,Oct,2007,0.3,4.3,2.32,6.619999999999999,0.09272633999999999,0.060230099999999995,0.03249624,0.23747366
P5BSD,2008-04-15T00:00:00Z,0.2,0.1877,Apr,2008,0,0.52,1.17,1.69,0.02367183,0.00728364,0.016388189999999997,0.16402817
P5BSD,2008-05-30T00:00:00Z,0.2,0.24,May,2008,0,1.09,0.017,1.107,0.015505749,0.01526763,2.3811900000000002e-4,0.22449425099999998
P5BSD,2008-06-27T00:00:00Z,0.2,0.18,Jun,2008,0,0.06,7.13,7.1899999999999995,0.10071032999999999,8.404199999999999e-4,0.09986990999999999,0.07928967
P5BSD,2008-08-28T00:00:00Z,0.2,0.24,Aug,2008,0,2.17,4.99,7.16,0.10029012,0.03039519,0.06989493000000001,0.13970988
P5BSD,2008-09-19T00:00:00Z,0.2,0.28,Sep,2008,0,2.37,2.79,5.16,0.07227612,0.03319659,0.03907953,0.20772388000000003
P5BSD,2008-10-24T00:00:00Z,0.2,0.27,Oct,2008,0,1.17,2.8,3.9699999999999998,0.05560779,0.016388189999999997,0.0392196,0.21439221000000003
P5BSD,2008-11-24T00:00:00Z,0.2,0.32,Nov,2008,0,3.85,3.15,7,0.098049,0.05392695,0.044122049999999996,0.221951
P5BSD,2009-03-26T00:00:00Z,0.2,0.25,Mar,2009,0,3.14,12.8,15.940000000000001,0.22327158,0.04398198,0.1792896,0.026728420000000003
P5BSD,2009-04-30T00:00:00Z,0.2,0.2,Apr,2009,0,1.96,0.33,2.29,0.032076030000000005,0.02745372,0.004622309999999999,0.16792397
P5BSD,2009-05-26T00:00:00Z,0.2,0.18,May,2009,0,0.78,6.53,7.3100000000000005,0.10239117,0.01092546,0.09146571,0.07760882999999999
P5BSD,2009-07-29T00:00:00Z,0.2,0.28,Jul,2009,0,0.44,2.42,2.86,0.040060019999999995,0.00616308,0.03389694,0.23993998000000002
P5BSD,2009-08-28T00:00:00Z,0.2,0.2,Aug,2009,0,0.03,6.88,6.91,0.09678837,4.2020999999999996e-4,0.09636816000000001,0.10321163000000001
P5BSD,2009-09-30T00:00:00Z,0.2,0.34,Sep,2009,0,0.0932,0.23,0.32320000000000004,0.0045270624,0.0013054524,0.00322161,0.3354729376
P5BSD,2009-10-21T00:00:00Z,0.2,0.32,Oct,2009,0,3.71,0.38,4.09,0.05728863,0.05196597,0.00532266,0.26271137
P5BSD,2009-11-30T00:00:00Z,0.2,0.3,Nov,2009,0,3.46,0.97,4.43,0.06205101,0.048464219999999995,0.01358679,0.23794899
P5BSD,2010-02-22T00:00:00Z,0.2,0.25,Feb,2010,0,1.23,6.78,8.01,0.11219607,0.01722861,0.09496746,0.13780393000000002
P5BSD,2010-03-11T00:00:00Z,0.2,0.3,Mar,2010,0,0.98,1.64,2.62,0.03669834,0.01372686,0.02297148,0.26330166
P5BSD,2010-05-04T00:00:00Z,0.2,0.25,May,2010,0,0.0900000003,0.32,0.4100000003,0.0057428700042021,0.0012606300042020998,0.00448224,0.2442571299957979
P5BSD,2010-05-27T00:00:00Z,0.2,0.27,May,2010,0,0.76,8.76,9.52,0.13334664,0.01064532,0.12270131999999999,0.13665336000000003
P5BSD,2010-06-25T00:00:00Z,0.2,0.28,Jun,2010,0,0.92,5.74,6.66,0.09328662,0.01288644,0.08040018,0.18671338000000004
P5BSD,2010-07-27T00:00:00Z,0.2,0.33,Jul,2010,0,0.0900000017,6.14,6.2300000017,0.08726361002381189,0.0012606300238119,0.08600297999999999,0.24273638997618813
P5BSD,2010-08-19T00:00:00Z,0.2,0.24,Aug,2010,0,0.0900000006,0.58,0.6700000006,0.009384690008404199,0.0012606300084042,0.00812406,0.2306153099915958
P5BSD,2010-09-16T00:00:00Z,0.2,0.26,Sep,2010,0,0.0900000045,0.65,0.7400000045,0.0103651800630315,0.0012606300630315,0.00910455,0.2496348199369685
P5BSD,2011-02-17T00:00:00Z,0.2,0.24,Feb,2011,0,1,0.32,1.32,0.018489239999999997,0.014007,0.00448224,0.22151076
P5BSD,2011-03-31T00:00:00Z,0.2,0.28,Mar,2011,0,2,0.3,2.3,0.0322161,0.028014,0.004202099999999999,0.24778390000000003
P5BSD,2011-04-25T00:00:00Z,0.2,0.38,Apr,2011,0,2.56,0.57,3.13,0.04384191,0.03585792,0.00798399,0.33615809
P5BSD,2011-05-31T00:00:00Z,0.2,0.18,May,2011,0,2.31,7.49,9.8,0.13726860000000002,0.03235617,0.10491243,0.042731399999999975
P5BSD,2011-06-28T00:00:00Z,0.2,0.18,Jun,2011,0,0.01000000009,0.87,0.88000000009,0.01232616000126063,1.4007000126063e-4,0.01218609,0.16767383999873936
P5BSD,2011-07-27T00:00:00Z,0.2,0.2,Jul,2011,0,0.12,0.15,0.27,0.00378189,0.0016808399999999999,0.0021010499999999997,0.19621811
P5BSD,2011-08-17T00:00:00Z,0.2,0.25,Aug,2011,0,0.96,11,11.96,0.16752372,0.013446719999999999,0.154077,0.08247628000000001
P5BSD,2011-09-13T00:00:00Z,0.2,0.27,Sep,2011,0,0.24,6.7,6.94,0.09720858,0.0033616799999999997,0.09384690000000001,0.17279142000000003
P5BSD,2011-10-26T00:00:00Z,0.2,0.28,Oct,2011,0,3.03,0.63,3.6599999999999997,0.05126561999999999,0.04244121,0.00882441,0.22873438000000004
P5BSD,2011-12-30T00:00:00Z,0.2,0.29,Dec,2011,0,5.96,14.215,20.175,0.282591225,0.08348172,0.199109505,0.007408774999999979
P5BSD,2012-03-30T00:00:00Z,0.2,0.29,Mar,2012,0.1,0.93,5.543,6.473,0.090667311,0.01302651,0.077640801,0.19933268899999998
P5BSD,2012-04-30T00:00:00Z,0.2,0.25,Apr,2012,0.4,1.98,9.12,11.1,0.1554777,0.02773386,0.12774384,0.0945223
P5BSD,2012-05-21T00:00:00Z,0.2,0.21,May,2012,0.3,0.36,3.349,3.709,0.051951963,0.00504252,0.046909443,0.158048037
P5BSD,2012-08-24T00:00:00Z,0.2,0.23,Aug,2012,0.2,0.49,1.549,2.0389999999999997,0.028560272999999994,0.00686343,0.021696842999999997,0.201439727
P5BSD,2012-09-24T00:00:00Z,0.2,0.25,Sep,2012,0,0.71,0.0300000291,0.7400000291,0.010365180407603699,0.00994497,4.202104076037e-4,0.2396348195923963
P5BSD,2012-10-26T00:00:00Z,0.2,0.28,Oct,2012,0.3,2.52,0.0300000205,2.5500000205,0.0357178502871435,0.03529764,4.2021028714349997e-4,0.24428214971285653
P5BSD,2012-12-13T00:00:00Z,0.2,0.24,Dec,2012,0.2,6.28,9.967,16.247,0.227571729,0.08796396,0.139607769,0.01242827099999999
P5BSD,2013-03-29T00:00:00Z,0.2,0.2,Mar,2013,0.2,2.14,5.013,7.1530000000000005,0.100192071,0.029974980000000002,0.070217091,0.09980792900000002
P5BSD,2013-04-29T00:00:00Z,0.2,0.21,Apr,2013,0,1.96,5.764,7.724,0.108190068,0.02745372,0.08073634800000001,0.10180993199999999
P5BSD,2013-08-15T00:00:00Z,0.2,0.21,Aug,2013,0.032,2.14,2.756,4.896,0.068578272,0.029974980000000002,0.038603292,0.141421728
P5BSD,2013-11-25T00:00:00Z,0.2,0.14,Nov,2013,0,2.01,0.35,2.36,0.03305652,0.028154069999999996,0.00490245,0.10694348000000001
P5BSD,2014-05-29T00:00:00Z,0.2,0.21,May,2014,0.2,0.54,2.33,2.87,0.04020009,0.00756378,0.03263631,0.16979991
P5BSD,2014-06-23T00:00:00Z,0.2,0.18,Jun,2014,0.2,0.03,0.53,0.56,0.00784392,4.2020999999999996e-4,0.00742371,0.17215608
P5BSD,2014-09-30T00:00:00Z,0.2,0.23,Sep,2014,0.1,0.89,0.03,0.92,0.01288644,0.01246623,4.2020999999999996e-4,0.21711356
P5BSD,2015-01-23T00:00:00Z,0.2,0.26,Jan,2015,0.3,9.52,0.49,10.01,0.14021007,0.13334664,0.00686343,0.11978993000000002
P5BSD,2015-04-23T00:00:00Z,0.2,0.25,Apr,2015,0.2,0.84,10.56,11.4,0.1596798,0.01176588,0.14791391999999998,0.09032019999999999
P5BSD,2015-11-25T00:00:00Z,0.2,0.23,Nov,2015,0.2,3.13,1.99,5.12,0.07171584,0.04384191,0.027873929999999998,0.15828416
P5BSD,2016-02-23T00:00:00Z,0.2,0.32,Feb,2016,0.1,9.11,2.24,11.35,0.15897945,0.12760376999999998,0.03137568,0.16102055
P5BSD,2016-07-15T00:00:00Z,0.2,0.37,Jul,2016,0.2,0.29,12.8,13.09,0.18335163,0.00406203,0.1792896,0.18664837
P5BSD,2016-08-16T00:00:00Z,0.2,0.37,Aug,2016,0.2,0,0.09,0.09,0.00126063,0,0.00126063,0.36873937
P5BSD,2016-09-28T00:00:00Z,0.2,0.2,Sep,2016,0.2,2.05,5.2,7.25,0.10155075,0.028714349999999996,0.0728364,0.09844925000000002
P5BSD,2016-09-28T00:00:00Z,0.2,0.2,Sep,2016,0.2,2.05,5.2,7.25,0.10155075,0.028714349999999996,0.0728364,0.09844925000000002
P5BSD,2016-10-19T00:00:00Z,0.2,0.3,Oct,2016,0.2,2.01,6.65,8.66,0.12130062,0.028154069999999996,0.09314655000000001,0.17869938
P5BSD,2016-10-19T00:00:00Z,0.2,0.3,Oct,2016,0.2,2.01,6.65,8.66,0.12130062,0.028154069999999996,0.09314655000000001,0.17869938
P5BSD,2016-11-18T00:00:00Z,0.2,0.31,Nov,2016,0.2,7.42,10.3,17.72,0.24820404,0.10393194,0.1442721,0.06179596000000001
P5BSD,2016-11-18T00:00:00Z,0.2,0.31,Nov,2016,0.2,7.42,10.3,17.72,0.24820404,0.10393194,0.1442721,0.06179596000000001
P5BSD,2016-12-20T00:00:00Z,0.2,0.25,Dec,2016,0.2,5.21,5.98,11.190000000000001,0.15673833,0.07297646999999999,0.08376186,0.09326166999999999
P5BSD,2016-12-20T00:00:00Z,0.2,0.25,Dec,2016,0.2,5.21,5.98,11.190000000000001,0.15673833,0.07297646999999999,0.08376186,0.09326166999999999
P5BSD,2017-08-24T00:00:00Z,0.2,0.2,Aug,2017,0.2,0.09,2.91,3,0.042021,0.00126063,0.040760370000000004,0.157979
P5BSD,2019-05-23T00:00:00Z,0.193,0.13483939770647,May,2019,0.193,0.08333263489095,0.034284831323252926,0.11761746621420292,0.0016474678492623403,0.0011672402169175366,4.802276323448037e-4,0.13319192985720765
P5BSD,2019-06-12T00:00:00Z,0.06,0.144741168375922,Jun,2019,0.06,0.27806785952388574,0.6100046912579137,0.8880725507817995,0.012439232218800665,0.0038948965083510675,0.008544335710449597,0.13230193615712132
P5BSD,2019-07-09T00:00:00Z,0.337,0.227677540825911,Jul,2019,0.337,0.20737148260557142,0.5464283649382579,0.7537998475438292,0.010558474464546415,0.0029046523568562388,0.007653822107690177,0.21711906636136458
P5BSD,2019-07-24T00:00:00Z,0.149,0.164645491913306,Jul,2019,0.149,1.221445116005457,0.28203625936816856,1.5034813753736254,0.02105926362485837,0.017108781739888435,0.003950481884969937,0.1435862282884476
P5BSD,2019-08-14T00:00:00Z,0.206,0.153837854130672,Aug,2019,0.206,1.25943364051965,0.2742654255556379,1.5336990660752878,0.021482522818516557,0.01764088700275874,0.0038416358157578197,0.13235533131215543
P5BSD,2019-09-05T00:00:00Z,0.254,0.257534634907907,Sep,2019,0.254,0.8859214812005357,0.002350019715665457,0.8882715009162012,0.012442018913333231,0.012409102187175903,3.291672615732606e-5,0.24509261599457377
P5BSD,2019-09-27T00:00:00Z,0.207,0.18745361004172,Sep,2019,0.207,0.40767725539530136,0.2702023344003229,0.6778795897956242,0.009495059414267308,0.005710335316321986,0.003784724097945322,0.1779585506274527
P5BSD,2019-10-25T00:00:00Z,0.251,0.186209354600916,Oct,2019,0.251,2.0616249520725787,0.6109695737471165,2.672594525819695,0.03743503152315647,0.02887718070368061,0.00855785081947586,0.14877432307775953
P6FGG,2007-05-25T00:00:00Z,0.2,0.53108,May,2007,0,2.22,3.54,5.76,0.08068032,0.031095540000000005,0.04958478,0.45039967999999997
P6FGG,2007-06-29T00:00:00Z,0.2,0.32001999999999997,Jun,2007,0.2,1.43,3.18,4.61,0.06457227,0.020030009999999997,0.04454226,0.25544773
P6FGG,2007-07-31T00:00:00Z,0.2,0.27716,Jul,2007,0.1,1.94,3.08,5.02,0.07031513999999998,0.02717358,0.043141559999999995,0.20684486000000002
P6FGG,2007-08-31T00:00:00Z,0.2,0.641309,Aug,2007,0,0.0935,1.27,1.3635,0.0190985445,0.0013096545,0.017788889999999998,0.6222104555
P6FGG,2007-09-21T00:00:00Z,0.2,0.25588,Sep,2007,0.1,0.42,0.49,0.9099999999999999,0.012746369999999998,0.00588294,0.00686343,0.24313363
P6FGG,2007-10-26T00:00:00Z,0.2,0.6148800000000001,Oct,2007,0.3,3.92,1.24,5.16,0.07227612,0.05490744,0.01736868,0.5426038800000001
P6FGG,2008-04-15T00:00:00Z,0.2,0.164,Apr,2008,0,2.19,5.17,7.359999999999999,0.10309151999999999,0.030675329999999997,0.07241619,0.060908480000000015
P6FGG,2008-05-30T00:00:00Z,0.2,0.12,May,2008,0,1.08,2.75,3.83,0.05364681,0.01512756,0.03851925,0.06635318999999999
P6FGG,2008-06-27T00:00:00Z,0.2,0.24,Jun,2008,0,0.28,6.35,6.63,0.09286641,0.00392196,0.08894445,0.14713358999999998
P6FGG,2008-08-28T00:00:00Z,0.2,0.42,Aug,2008,0,1.35,6.46,7.8100000000000005,0.10939467,0.01890945,0.09048522,0.31060533
P6FGG,2008-09-19T00:00:00Z,0.2,0.26,Sep,2008,0,3.56,1.79,5.35,0.07493745,0.04986492,0.02507253,0.18506255
P6FGG,2008-10-24T00:00:00Z,0.2,0.29,Oct,2008,0,0.52,2.68,3.2,0.0448224,0.00728364,0.037538760000000004,0.2451776
P6FGG,2008-11-24T00:00:00Z,0.2,0.36,Nov,2008,0,4.23,2.13,6.36,0.08908452,0.05924961,0.029834909999999996,0.27091548
P6FGG,2009-03-26T00:00:00Z,0.2,0.3,Mar,2009,0,1,6.32,7.32,0.10253124,0.014007,0.08852424,0.19746876
P6FGG,2009-04-30T00:00:00Z,0.2,0.23,Apr,2009,0,0.39,0.38,0.77,0.010785389999999999,0.00546273,0.00532266,0.21921461
P6FGG,2009-05-26T00:00:00Z,0.2,0.21,May,2009,0,0.0923,3.23,3.3223,0.0465354561,0.0012928460999999999,0.04524261,0.16346454389999998
P6FGG,2009-07-29T00:00:00Z,0.2,0.28,Jul,2009,0,3.04,8.46,11.5,0.1610805,0.04258128,0.11849922,0.11891950000000004
P6FGG,2009-08-28T00:00:00Z,0.2,0.29,Aug,2009,0,1.95,11.02,12.969999999999999,0.18167078999999997,0.02731365,0.15435713999999998,0.10832921000000001
P6FGG,2009-09-30T00:00:00Z,0.2,0.38,Sep,2009,0,1.35,5.77,7.119999999999999,0.09972983999999999,0.01890945,0.08082038999999999,0.28027016000000005
P6FGG,2009-10-21T00:00:00Z,0.2,0.37,Oct,2009,0,3.79,2.23,6.02,0.08432213999999999,0.05308652999999999,0.031235609999999997,0.28567786
P6FGG,2009-11-30T00:00:00Z,0.2,0.3,Nov,2009,0,4.34,2.27,6.609999999999999,0.09258626999999998,0.06079038,0.03179589,0.20741373000000002
P6FGG,2010-02-26T00:00:00Z,0.2,0.54,Feb,2010,0,7.87,12.24,20.11,0.28168076999999997,0.11023509,0.17144568000000002,0.25831923000000007
P6FGG,2010-03-11T00:00:00Z,0.2,0.26,Mar,2010,0,5.66,2.44,8.1,0.1134567,0.07927962,0.03417708,0.14654330000000002
P6FGG,2010-05-04T00:00:00Z,0.2,0.24,May,2010,0,1.44,0.79,2.23,0.031235609999999997,0.02017008,0.01106553,0.20876439
P6FGG,2010-05-27T00:00:00Z,0.2,0.27,May,2010,0,0.85,3.33,4.18,0.05854926,0.011905949999999998,0.04664331,0.21145074000000003
P6FGG,2010-06-25T00:00:00Z,0.2,0.3,Jun,2010,0,0.6,2.47,3.0700000000000003,0.04300149,0.008404199999999999,0.03459729,0.25699850999999996
P6FGG,2010-07-27T00:00:00Z,0.2,0.28,Jul,2010,0,0.32,1.19,1.51,0.021150569999999997,0.00448224,0.01666833,0.25884943000000005
P6FGG,2010-08-19T00:00:00Z,0.2,0.29,Aug,2010,0,0.5,2.49,2.99,0.04188093,0.0070035,0.03487743,0.24811907
P6FGG,2010-09-16T00:00:00Z,0.2,0.25,Sep,2010,0,0.0900000018,0.0300000021,0.12000000390000001,0.0016808400546273001,0.0012606300252126002,4.2021002941469997e-4,0.2483191599453727
P6FGG,2011-02-17T00:00:00Z,0.2,0.34,Feb,2011,0.2,5.83,3.95,9.780000000000001,0.13698846,0.08166081,0.05532765,0.20301154000000002
P6FGG,2011-03-31T00:00:00Z,0.2,0.35,Mar,2011,0,5.07,3.42,8.49,0.11891943,0.07101549,0.04790394,0.23108056999999999
P6FGG,2011-04-25T00:00:00Z,0.2,0.3,Apr,2011,0,4.3,3.08,7.38,0.10337165999999999,0.060230099999999995,0.043141559999999995,0.19662834
P6FGG,2011-05-31T00:00:00Z,0.2,0.24,May,2011,0,2.65,8.2,10.85,0.15197594999999997,0.03711855,0.11485739999999998,0.08802405000000002
P6FGG,2011-06-28T00:00:00Z,0.2,0.3,Jun,2011,0,1.18,5.05,6.2299999999999995,0.08726360999999999,0.01652826,0.07073535,0.21273639
P6FGG,2011-07-27T00:00:00Z,0.2,0.27,Jul,2011,0,1.5,4.68,6.18,0.08656326,0.0210105,0.06555275999999999,0.18343674000000001
P6FGG,2011-08-17T00:00:00Z,0.2,0.35,Aug,2011,0,0.99,3.81,4.8,0.06723359999999999,0.01386693,0.05336667,0.2827664
P6FGG,2011-09-13T00:00:00Z,0.2,0.26,Sep,2011,0,0.27,0.67,0.9400000000000001,0.013166579999999999,0.00378189,0.009384690000000001,0.24683342
P6FGG,2011-10-26T00:00:00Z,0.2,0.3,Oct,2011,0,3.74,1.44,5.18,0.07255626,0.052386180000000004,0.02017008,0.22744374
P6FGG,2011-12-30T00:00:00Z,0.2,0.36,Dec,2011,0.1,5.1,3.663,8.763,0.122743341,0.07143569999999999,0.051307640999999994,0.23725665899999998
P6FGG,2012-01-23T00:00:00Z,0.2,0.32,Jan,2012,0.3,4.59,17.876,22.466,0.314681262,0.06429213,0.250389132,0.0053187379999999895
P6FGG,2012-02-16T00:00:00Z,0.2,0.24,Feb,2012,0.2,1.77,1.079,2.849,0.039905943,0.02479239,0.015113553,0.200094057
P6FGG,2012-06-28T00:00:00Z,0.2,0.34,Jun,2012,0,2.13,4.225,6.3549999999999995,0.08901448499999999,0.029834909999999996,0.05917957499999999,0.25098551500000005
P6FGG,2012-07-31T00:00:00Z,0.2,0.41,Jul,2012,0.3,2.25,0.0300000173,2.2800000173,0.0319359602423211,0.03151575,4.202102423211e-4,0.3780640397576789
P6FGG,2012-08-24T00:00:00Z,0.2,0.33,Aug,2012,0.1,1.22,1.838,3.058,0.042833406,0.01708854,0.025744866,0.287166594
P6FGG,2012-09-24T00:00:00Z,0.2,0.28,Sep,2012,0,1.02,0.379,1.399,0.019595793,0.014287139999999999,0.005308653,0.260404207
P6FGG,2012-10-26T00:00:00Z,0.2,0.36,Oct,2012,0.3,5.43,3.65,9.08,0.12718356,0.07605801,0.05112555,0.23281643999999999
P6FGG,2013-03-29T00:00:00Z,0.2,0.23,Mar,2013,0.1,3.09,0.727,3.8169999999999997,0.053464718999999994,0.04328163,0.010183089,0.17653528100000002
P6FGG,2013-04-29T00:00:00Z,0.2,0.21,Apr,2013,0,1.96,0.006,1.966,0.027537761999999997,0.02745372,8.4042e-5,0.182462238
P6FGG,2013-08-15T00:00:00Z,0.2,0.24,Aug,2013,0.139,0.15,1.19,1.3399999999999999,0.01876938,0.0021010499999999997,0.01666833,0.22123062
P6FGG,2013-11-25T00:00:00Z,0.2,0.27,Nov,2013,0,3.43,2.906,6.336,0.088748352,0.04804401,0.040704342000000004,0.18125164800000002
P6FGG,2014-06-23T00:00:00Z,0.2,0.17,Jun,2014,0.2,0.61,8.2,8.809999999999999,0.12340166999999998,0.00854427,0.11485739999999998,0.046598330000000035
P6FGG,2014-09-30T00:00:00Z,0.2,0.35,Sep,2014,0.1,1.29,2.01,3.3,0.046223099999999996,0.01806903,0.028154069999999996,0.30377689999999996
P6FGG,2015-01-23T00:00:00Z,0.2,0.27,Jan,2015,0.2,7.33,7.81,15.14,0.21206598,0.10267131,0.10939466999999999,0.05793402000000003
P6FGG,2015-07-22T00:00:00Z,0.2,0.28,Jul,2015,0.2,1.06,10.1,11.16,0.15631812,0.01484742,0.1414707,0.12368188000000002
P6FGG,2015-10-27T00:00:00Z,0.2,0.22,Oct,2015,0.24,4.91,1.68,6.59,0.09230613,0.06877437,0.02353176,0.12769387
P6FGG,2015-11-25T00:00:00Z,0.2,0.3,Nov,2015,0.245,4.55,3.76,8.309999999999999,0.11639816999999998,0.06373184999999999,0.052666319999999996,0.18360183000000002
P6FGG,2016-02-23T00:00:00Z,0.2,0.64,Feb,2016,0.2,0.09,2.02,2.11,0.029554769999999998,0.00126063,0.02829414,0.6104452300000001
P6FGG,2016-07-15T00:00:00Z,0.2,0.33,Jul,2016,0.2,0.22,5.68,5.8999999999999995,0.08264129999999999,0.00308154,0.07955976,0.24735870000000004
P6FGG,2016-08-16T00:00:00Z,0.2,0.34,Aug,2016,0.2,0.09,0.51,0.6,0.008404199999999999,0.00126063,0.007143569999999999,0.33159580000000005
P6FGG,2016-09-28T00:00:00Z,0.2,0.35,Sep,2016,0.2,2.33,15.94,18.27,0.25590788999999997,0.03263631,0.22327158,0.09409211
P6FGG,2016-09-28T00:00:00Z,0.2,0.35,Sep,2016,0.2,2.33,15.94,18.27,0.25590788999999997,0.03263631,0.22327158,0.09409211
P6FGG,2016-11-18T00:00:00Z,0.2,0.33,Nov,2016,0.2,4.78,4.92,9.7,0.13586789999999999,0.06695346,0.06891444,0.19413210000000003
P6FGG,2016-11-18T00:00:00Z,0.2,0.33,Nov,2016,0.2,4.78,4.92,9.7,0.13586789999999999,0.06695346,0.06891444,0.19413210000000003
P6FGG,2016-12-20T00:00:00Z,0.2,0.25,Dec,2016,0.2,5.31,6.16,11.469999999999999,0.16066028999999998,0.07437716999999999,0.08628311999999999,0.08933971000000002
P6FGG,2016-12-20T00:00:00Z,0.2,0.25,Dec,2016,0.2,5.31,6.16,11.469999999999999,0.16066028999999998,0.07437716999999999,0.08628311999999999,0.08933971000000002
P6FGG,2017-08-24T00:00:00Z,0.2,0.19,Aug,2017,0.2,0.67,0.09,0.76,0.01064532,0.009384690000000001,0.00126063,0.17935468
P6FGG,2019-05-23T00:00:00Z,0.277,0.340637927740285,May,2019,0.277,0.46959752069476146,0.024731463302263716,0.4943289839970252,0.006924066078846332,0.006577652472371524,3.464136064748078e-4,0.3337138616614387
P6FGG,2019-06-12T00:00:00Z,0.27,0.262880453557031,Jun,2019,0.27,2.788396597314071,3.1568926431816426,5.945289240495714,0.08327566639162345,0.039057071138578196,0.044218595253045265,0.17960478716540754
P6FGG,2019-07-09T00:00:00Z,0.175,0.171128373277993,Jul,2019,0.175,3.033040073454078,1.2178146904321643,4.250854763886243,0.0595417226777546,0.042483792308871275,0.017057930368883326,0.1115866506002384
P6FGG,2019-07-24T00:00:00Z,0.103,0.249079909051048,Jul,2019,0.103,1.6655284206951428,1.1319349297739358,2.7974633504690787,0.03918406915002039,0.02332905658867687,0.01585501256134352,0.20989583990102761
P6FGG,2019-08-14T00:00:00Z,0.216,0.150553645340315,Aug,2019,0.216,1.2933428603880286,0.7680273962040571,2.0613702565920855,0.02887361318408534,0.018115853445455115,0.010757759738630227,0.12168003215622968
P6FGG,2019-09-05T00:00:00Z,0.237,0.176256989906918,Sep,2019,0.237,0.28349490934874855,0.10242387257837858,0.38591878192712714,0.0054055643784532694,0.003970913195247921,0.0014346511832053488,0.17085142552846472
P6FGG,2019-09-27T00:00:00Z,0.378,0.14835397896444,Sep,2019,0.378,0.7394621494128072,0.10679816018144786,0.846260309594255,0.01185356815648673,0.01035764632682519,0.00149592182966154,0.13650041080795328
P6FGG,2019-10-25T00:00:00Z,0.179,0.295685366234902,Oct,2019,0.179,3.950665945082264,2.4385515077915145,6.389217452873778,0.089493768862403,0.055336977892767265,0.034156790969635746,0.20619159737249898
P7CBI,2007-05-25T00:00:00Z,0.2,0.28108,May,2007,0,2.22,3.99,6.210000000000001,0.08698347000000001,0.031095540000000005,0.05588793,0.19409653
P7CBI,2007-06-29T00:00:00Z,0.2,0.31288,Jun,2007,0.1,0.92,2.62,3.54,0.04958478,0.01288644,0.03669834,0.26329522
P7CBI,2007-07-31T00:00:00Z,0.2,0.2626,Jul,2007,0.1,0.9,2.15,3.05,0.04272134999999999,0.012606299999999999,0.030115049999999997,0.21987865
P7CBI,2007-08-31T00:00:00Z,0.2,0.5804199999999999,Aug,2007,0,0.03,0.57,0.6,0.008404199999999999,4.2020999999999996e-4,0.00798399,0.5720158
P7CBI,2007-09-21T00:00:00Z,0.2,0.37462,Sep,2007,0.2,0.33,0.07,0.4,0.0056028,0.004622309999999999,9.8049e-4,0.3690172
P7CBI,2007-10-26T00:00:00Z,0.2,0.2801,Oct,2007,0.3,2.15,0.86,3.01,0.042161069999999995,0.030115049999999997,0.012046020000000001,0.23793893000000002
P7CBI,2008-04-15T00:00:00Z,0.2,0.1715,Apr,2008,0,1.18,2.3,3.4799999999999995,0.048744359999999994,0.01652826,0.0322161,0.12275564000000003
P7CBI,2008-05-30T00:00:00Z,0.2,0.3,May,2008,0,1.26,8.52,9.78,0.13698845999999998,0.01764882,0.11933963999999998,0.16301154
P7CBI,2008-06-27T00:00:00Z,0.2,0.19,Jun,2008,0,0.09,7.75,7.84,0.10981488,0.00126063,0.10855424999999999,0.08018512
P7CBI,2008-08-28T00:00:00Z,0.2,0.41,Aug,2008,0,1.11,6.85,7.96,0.11149571999999999,0.015547770000000002,0.09594794999999999,0.29850427999999996
P7CBI,2008-09-19T00:00:00Z,0.2,0.25,Sep,2008,0,4.23,4.19,8.420000000000002,0.11793894000000002,0.05924961,0.058689330000000005,0.13206105999999998
P7CBI,2008-10-24T00:00:00Z,0.2,0.24,Oct,2008,0,0.0942,2.7,2.7942,0.039138359399999996,0.0013194594,0.0378189,0.2008616406
P7CBI,2008-11-24T00:00:00Z,0.2,0.33,Nov,2008,0,5.56,3.16,8.719999999999999,0.12214103999999998,0.07787891999999999,0.04426212,0.20785896000000004
P7CBI,2009-03-26T00:00:00Z,0.2,0.25,Mar,2009,0,0.21,0.59,0.7999999999999999,0.011205599999999998,0.00294147,0.00826413,0.2387944
P7CBI,2009-04-30T00:00:00Z,0.2,0.21,Apr,2009,0,1.04,8.89,9.93,0.13908951,0.01456728,0.12452223000000001,0.07091048999999999
P7CBI,2009-07-29T00:00:00Z,0.2,0.24,Jul,2009,0,0.96,8.23,9.190000000000001,0.12872433,0.013446719999999999,0.11527761000000002,0.11127567
P7CBI,2009-08-28T00:00:00Z,0.2,0.29,Aug,2009,0,0.0902,4.72,4.8102,0.0673764714,0.0012634314,0.06611304,0.22262352859999998
P7CBI,2009-09-30T00:00:00Z,0.2,0.31,Sep,2009,0,0.0941,0.57,0.6640999999999999,0.0093020487,0.0013180587,0.00798399,0.3006979513
P7CBI,2009-10-21T00:00:00Z,0.2,0.29,Oct,2009,0,1.61,0.49,2.1,0.0294147,0.022551270000000002,0.00686343,0.26058529999999996
P7CBI,2009-11-30T00:00:00Z,0.2,0.31,Nov,2009,0,3.06,3.25,6.3100000000000005,0.08838417000000001,0.042861420000000004,0.04552275,0.22161582999999999
P7CBI,2010-02-22T00:00:00Z,0.2,0.45,Feb,2010,0,0.43,5.87,6.3,0.08824409999999999,0.0060230100000000005,0.08222109000000001,0.3617559
P7CBI,2010-03-11T00:00:00Z,0.2,0.18,Mar,2010,0,0.05,0.53,0.5800000000000001,0.00812406,7.0035e-4,0.00742371,0.17187594
P7CBI,2010-05-04T00:00:00Z,0.2,0.19,May,2010,0,0.0900000018,0.33,0.4200000018,0.005882940025212601,0.0012606300252126002,0.004622309999999999,0.1841170599747874
P7CBI,2010-05-27T00:00:00Z,0.2,0.22,May,2010,0,0.33,1.72,2.05,0.028714349999999996,0.004622309999999999,0.024092040000000002,0.19128565
P7CBI,2010-06-25T00:00:00Z,0.2,0.28,Jun,2010,0,0.76,3.55,4.31,0.060370169999999994,0.01064532,0.049724849999999994,0.21962983000000003
P7CBI,2010-07-27T00:00:00Z,0.2,0.34,Jul,2010,0,0.0900000052,0.31,0.4000000052,0.0056028000728364,0.0012606300728363999,0.00434217,0.3343971999271636
P7CBI,2010-08-19T00:00:00Z,0.2,0.23,Aug,2010,0,0.0900000035,0.59,0.6800000035,0.0095247600490245,0.0012606300490245,0.00826413,0.2204752399509755
P7CBI,2010-09-16T00:00:00Z,0.2,0.31,Sep,2010,0,0.0900000047,0.05,0.1400000047,0.0019609800658329,0.0012606300658329,7.0035e-4,0.3080390199341671
P7CBI,2011-02-17T00:00:00Z,0.2,0.24,Feb,2011,0.3,1.54,1.71,3.25,0.04552275,0.021570779999999998,0.02395197,0.19447725
P7CBI,2011-03-31T00:00:00Z,0.2,0.24,Mar,2011,0,2.35,4.13,6.48,0.09076536,0.03291645,0.057848909999999996,0.14923463999999997
P7CBI,2011-04-25T00:00:00Z,0.2,0.27,Apr,2011,0,1.8,11.15,12.950000000000001,0.18139065000000001,0.025212599999999998,0.15617805,0.08860935
P7CBI,2011-05-31T00:00:00Z,0.2,0.21,May,2011,0,1.58,6.16,7.74,0.10841418,0.02213106,0.08628311999999999,0.10158582
P7CBI,2011-06-28T00:00:00Z,0.2,0.24,Jun,2011,0,0.58,5.51,6.09,0.08530262999999999,0.00812406,0.07717856999999999,0.15469737
P7CBI,2011-07-27T00:00:00Z,0.2,0.28,Jul,2011,0,0.17,0.82,0.99,0.01386693,0.00238119,0.01148574,0.26613307
P7CBI,2011-08-17T00:00:00Z,0.2,0.25,Aug,2011,0,0.15,0.0100000008,0.1600000008,0.0022411200112055995,0.0021010499999999997,1.400700112056e-4,0.2477588799887944
P7CBI,2011-09-13T00:00:00Z,0.2,0.24,Sep,2011,0,0.22,0.34,0.56,0.00784392,0.00308154,0.00476238,0.23215608
P7CBI,2011-10-26T00:00:00Z,0.2,0.32,Oct,2011,0,3.16,0.06,3.22,0.045102540000000003,0.04426212,8.404199999999999e-4,0.27489746
P7CBI,2011-12-30T00:00:00Z,0.2,0.29,Dec,2011,0.1,4.99,4.057,9.047,0.12672132900000002,0.06989493000000001,0.056826399,0.16327867099999996
P7CBI,2012-02-16T00:00:00Z,0.2,0.29,Feb,2012,0.2,0.06,0.03,0.09,0.00126063,8.404199999999999e-4,4.2020999999999996e-4,0.28873937
P7CBI,2012-03-30T00:00:00Z,0.2,0.26,Mar,2012,0.3,1.5,13.084,14.584,0.204278088,0.0210105,0.18326758799999998,0.05572191200000001
P7CBI,2012-04-30T00:00:00Z,0.2,0.23,Apr,2012,0.3,0.92,3.14,4.0600000000000005,0.05686842000000001,0.01288644,0.04398198,0.17313158
P7CBI,2012-05-21T00:00:00Z,0.2,0.24,May,2012,0.2,0.46,5.081,5.541,0.077612787,0.00644322,0.071169567,0.16238721299999997
P7CBI,2012-06-28T00:00:00Z,0.2,0.45,Jun,2012,0,1.21,12.826,14.036000000000001,0.19660225200000003,0.01694847,0.179653782,0.253397748
P7CBI,2012-07-31T00:00:00Z,0.2,0.24,Jul,2012,0.3,0.31,0.0300000196,0.3400000196,0.0047623802745371995,0.00434217,4.202102745372e-4,0.23523761972546278
P7CBI,2012-08-24T00:00:00Z,0.2,0.25,Aug,2012,0.1,0.75,0.0300000287,0.7800000287,0.0109254604020009,0.01050525,4.202104020009e-4,0.2390745395979991
P7CBI,2012-09-24T00:00:00Z,0.2,0.28,Sep,2012,0.1,0.11,1.583,1.693,0.023713851,0.00154077,0.022173081,0.256286149
P7CBI,2012-12-13T00:00:00Z,0.2,0.26,Dec,2012,0.4,5.09,1.842,6.932,0.097096524,0.07129563,0.025800893999999998,0.162903476
P7CBI,2013-03-29T00:00:00Z,0.2,0.22,Mar,2013,0.2,0.23,1.84,2.0700000000000003,0.02899449,0.00322161,0.02577288,0.19100551
P7CBI,2013-04-29T00:00:00Z,0.2,0.18,Apr,2013,0,0.15,0.405,0.555,0.007773885000000001,0.0021010499999999997,0.005672835,0.17222611499999999
P7CBI,2013-08-15T00:00:00Z,0.2,0.23,Aug,2013,0.091,0.09,1.89,1.98,0.02773386,0.00126063,0.026473229999999997,0.20226614
P7CBI,2013-11-25T00:00:00Z,0.2,0.22,Nov,2013,0,7.07,2.984,10.054,0.140826378,0.09902949,0.041796888,0.079173622
P7CBI,2014-05-29T00:00:00Z,0.2,0.23,May,2014,0.2,0.17,1.43,1.5999999999999999,0.022411199999999996,0.00238119,0.020030009999999997,0.20758880000000002
P7CBI,2014-09-30T00:00:00Z,0.2,0.23,Sep,2014,0.2,0.89,5.33,6.22,0.08712353999999999,0.01246623,0.07465730999999999,0.14287646000000004
P7CBI,2015-01-23T00:00:00Z,0.2,0.24,Jan,2015,0.1,7.26,8.54,15.799999999999999,0.2213106,0.10169081999999999,0.11961978,0.018689399999999995
P7CBI,2015-10-27T00:00:00Z,0.2,0.22,Oct,2015,0.205,2.3,5.36,7.66,0.10729362,0.0322161,0.07507752000000001,0.11270638
P7CBI,2015-11-25T00:00:00Z,0.2,0.32,Nov,2015,0.214,4.77,0,4.77,0.06681339,0.06681339,0,0.25318661
P7CBI,2016-02-23T00:00:00Z,0.2,0.38,Feb,2016,0.2,3.93,0.03,3.96,0.05546772,0.05504751,4.2020999999999996e-4,0.32453228
P7CBI,2016-07-15T00:00:00Z,0.2,0.31,Jul,2016,0.2,0.28,2.51,2.79,0.03907953,0.00392196,0.03515756999999999,0.27092046999999997
P7CBI,2016-08-16T00:00:00Z,0.2,0.68,Aug,2016,0.2,0.09,0.6,0.69,0.00966483,0.00126063,0.008404199999999999,0.6703351700000001
P7CBI,2016-10-19T00:00:00Z,0.2,0.31,Oct,2016,0.2,2.32,13.58,15.9,0.2227113,0.03249624,0.19021506,0.0872887
P7CBI,2016-10-19T00:00:00Z,0.2,0.31,Oct,2016,0.2,2.32,13.58,15.9,0.2227113,0.03249624,0.19021506,0.0872887
P7CBI,2016-11-18T00:00:00Z,0.2,0.43,Nov,2016,0.2,3.77,9.68,13.45,0.18839414999999998,0.05280639,0.13558776,0.24160585
P7CBI,2016-11-18T00:00:00Z,0.2,0.43,Nov,2016,0.2,3.77,9.68,13.45,0.18839414999999998,0.05280639,0.13558776,0.24160585
P7CBI,2019-05-23T00:00:00Z,0.239,0.196940006769305,May,2019,0.239,0.2061847905477493,0.15231742057428715,0.35850221112203645,0.005021540471186365,0.0028880303612023243,0.0021335101099840405,0.19191846629811865
P7CBI,2019-06-12T00:00:00Z,0.042,0.189119856307684,Jun,2019,0.042,0.16801473669228287,0.6894750991574822,0.857489835849765,0.01201086013074766,0.002353382416848806,0.009657477713898853,0.17710899617693635
P7CBI,2019-07-09T00:00:00Z,0.201,0.275780636846905,Jul,2019,0.201,0.8384497562064072,0.4510638754587757,1.2895136316651827,0.018062217438734214,0.011744165735183144,0.0063180517035510714,0.2577184194081708
P7CBI,2019-08-14T00:00:00Z,0.138,0.140701018969241,Aug,2019,0.138,1.2658075540287426,0.5395796544485064,1.8053872084772489,0.025288058629140825,0.017730166409280594,0.007557892219860229,0.11541296034010018
P7CBI,2019-09-05T00:00:00Z,0.147,0.166274643208193,Sep,2019,0.147,0.5358884180120671,0.136508010039425,0.6723964280514921,0.009418256767717249,0.007506189071095024,0.001912067696622226,0.15685638644047575
P7CBI,2019-09-27T00:00:00Z,0.13,0.191185536947916,Sep,2019,0.13,0.37615769046363856,0.4110777997110107,0.7872354901746492,0.011026807510876311,0.005268840770324185,0.005757966740552127,0.1801587294370397
P7CBI,2019-10-25T00:00:00Z,0.261,0.199479174192915,Oct,2019,0.261,1.2333476630788716,0.7251934446248928,1.9585411077037644,0.027433285295606628,0.017275500716745752,0.010157784578860874,0.17204588889730837
PH1,2017-08-24T00:00:00Z,0.2,0.22,Aug,2017,0.2,0.77,2.15,2.92,0.040900439999999996,0.010785389999999999,0.030115049999999997,0.17909956
PH1,2019-05-23T00:00:00Z,0.149,0.191163205926251,May,2019,0.149,0.47845173011146785,0.12280927326152857,0.6012610033729964,0.00842186287424556,0.00670167338367133,0.0017201894905742308,0.18274134305200543
PH1,2019-06-12T00:00:00Z,0.052,0.204009359504669,Jun,2019,0.052,4.071863811264094,4.0310671300768925,8.102930941340986,0.11349775369536319,0.05703459640437616,0.05646315729098703,0.09051160580930581
PH1,2019-07-09T00:00:00Z,0.238,0.318907550520899,Jul,2019,0.238,2.375636650976557,1.8694720352086287,4.245108686185186,0.059461237367395905,0.03327554257022864,0.02618569479716726,0.2594463131535031
PH1,2019-07-24T00:00:00Z,0.213,0.21189087946502,Jul,2019,0.213,2.705037224381893,1.050088942656107,3.755126167038,0.05259805222170127,0.037889456401917175,0.014708595819784093,0.15929282724331872
PH1,2019-08-14T00:00:00Z,0.13,0.170258898082461,Aug,2019,0.13,1.4144472170607856,0.46818973514989715,1.8826369522106827,0.026370095789615033,0.019812162169370425,0.0065579336202446084,0.14388880229284598
PH1,2019-09-05T00:00:00Z,0.181,0.242606087866909,Sep,2019,0.181,0.7712187035544857,0.4364132877909907,1.2076319913454765,0.01691530130277609,0.010802460380687683,0.006112840922088407,0.22569078656413288
PH1,2019-09-27T00:00:00Z,0.185,0.280756819193904,Sep,2019,0.185,1.2134405694378214,2.538497394809564,3.751937964247386,0.05255339506521313,0.016996662056115563,0.03555673300909756,0.22820342412869088
PH1,2019-10-25T00:00:00Z,0.233,0.361272160422961,Oct,2019,0.233,4.544323916163585,5.508318037631708,10.052641953795293,0.14080735584681064,0.06365234509370334,0.07715501075310732,0.22046480457615036
PH2,2017-08-24T00:00:00Z,0.2,0.25,Aug,2017,0.2,0.95,3.63,4.58,0.06415206000000001,0.01330665,0.050845409999999994,0.18584794
PH2,2019-05-23T00:00:00Z,0.17,0.506720951978101,May,2019,0.17,0.6923362263337787,0.29030478911709073,0.9826410154508693,0.013763852703420327,0.009697553522257237,0.0040662991811630895,0.4929570992746806
PH2,2019-06-12T00:00:00Z,0.158,0.261085788426447,Jun,2019,0.158,4.175357476443478,4.476101414314486,8.651458890757965,0.12118098468284681,0.058484232172543796,0.062696752510303,0.13990480374360015
PH2,2019-07-09T00:00:00Z,0.142,0.260852089805907,Jul,2019,0.142,3.588268885169836,2.5529175431449214,6.141186428314757,0.08601959830140479,0.050260882274573884,0.03575871602683091,0.17483249150450222
PH2,2019-07-24T00:00:00Z,0.22,0.249079909051048,Jul,2019,0.22,2.1620271894573,1.9800276076299714,4.142054797087272,0.05801776154280141,0.030283514842728405,0.027734246700073007,0.19106214750824657
PH2,2019-08-14T00:00:00Z,0.22,0.212953612357112,Aug,2019,0.22,1.6421234076055857,1.7674862663845856,3.4096096739901713,0.04775840270358033,0.02300122257033144,0.02475718013324889,0.16519520965353165
PH2,2019-09-05T00:00:00Z,0.228,0.265828272152906,Sep,2019,0.228,1.0288259748380784,0.05752077588093129,1.0863467507190097,0.015216458937321167,0.014410765429556964,8.056935077642046e-4,0.25061181321558484
PH2,2019-09-27T00:00:00Z,0.095,0.24610305665764,Sep,2019,0.095,3.1617288649506285,8.330799199484144,11.492528064434772,0.16097584059853784,0.04428633621136346,0.11668950438717439,0.08512721605910217
PH2,2019-10-25T00:00:00Z,0.287,0.2509905105423,Oct,2019,0.287,5.185622746417836,6.049300374971922,11.234923121389759,0.15736756816130634,0.07263501780907462,0.08473255035223169,0.09362294238099364
PH3,2017-08-24T00:00:00Z,0.2,0.23,Aug,2017,0.2,1.29,2.3,3.59,0.05028513,0.01806903,0.0322161,0.17971487000000003
PH3,2019-05-23T00:00:00Z,0.041,0.446786643231411,May,2019,0.041,0.7100446451671899,0.5853862622446749,1.2954309074118648,0.01814510072011799,0.009945595344856829,0.008199505375261162,0.428641542511293
PH3,2019-06-12T00:00:00Z,0.235,0.327201187765898,Jun,2019,0.235,4.090813355592714,2.8549050931632785,6.945718448755993,0.09728867831172519,0.057300022671787146,0.03998865563993804,0.22991250945417283
PH3,2019-07-09T00:00:00Z,0.171,0.254217180009907,Jul,2019,0.171,2.5400355754033286,2.743646522103886,5.2836820975072145,0.07400853513978355,0.03557827830467442,0.038430256835109124,0.18020864487012345
PH3,2019-08-14T00:00:00Z,0.224,0.341037755181065,Aug,2019,0.224,1.0650990670569571,9.1775299204365,10.242628987493458,0.14346850422782087,0.014918842632266798,0.12854966159555406,0.19756925095324412
PH3,2019-09-05T00:00:00Z,0.187,0.270815268626864,Sep,2019,0.187,1.5957041651879929,2.576794230369314,4.172498395557307,0.0584441850265712,0.022351028241788213,0.036093156784782976,0.2123710836002928
PH3,2019-09-27T00:00:00Z,0.098,0.235902082319598,Sep,2019,0.098,1.851415522791486,2.13871384673735,3.990129369528836,0.055889742078990404,0.02593277722774034,0.029956964851250063,0.18001234024060758
PH3,2019-10-25T00:00:00Z,0.249,0.293348444209353,Oct,2019,0.249,4.584133614266057,3.6694362500072075,8.253569864273265,0.11560775308887562,0.06420995953502466,0.051397793553850955,0.1777406911204774
PKT42,2007-05-25T00:00:00Z,0.2,0.5512782,May,2007,0,0.0913,0.86,0.9513,0.0133248591,0.0012788391000000002,0.012046020000000001,0.5379533409
PKT42,2007-06-29T00:00:00Z,0.2,0.30848,Jun,2007,0.1,1.32,1.87,3.1900000000000004,0.044682330000000006,0.018489239999999997,0.026193090000000002,0.26379767
PKT42,2007-07-31T00:00:00Z,0.2,0.257,Jul,2007,0.1,0.5,2.16,2.66,0.03725862,0.0070035,0.03025512,0.21974138000000001
PKT42,2007-09-21T00:00:00Z,0.2,0.25742,Sep,2007,0.2,0.53,0.0123,0.5423,0.007595996099999999,0.00742371,1.722861e-4,0.24982400389999998
PKT42,2008-04-15T00:00:00Z,0.2,0.1798,Apr,2008,0,1.12,3.99,5.11,0.07157577000000001,0.01568784,0.05588793,0.10822422999999998
PKT42,2008-06-27T00:00:00Z,0.2,0.27,Jun,2008,0,0.0923,4.92,5.0123,0.07020728609999999,0.0012928460999999999,0.06891444,0.19979271390000003
PKT42,2008-08-28T00:00:00Z,0.2,0.37,Aug,2008,0,0.36,7.64,8,0.112056,0.00504252,0.10701347999999998,0.257944
PKT42,2008-10-24T00:00:00Z,0.2,0.28,Oct,2008,0,0.64,1.54,2.18,0.03053526,0.00896448,0.021570779999999998,0.24946474000000002
PKT42,2009-03-26T00:00:00Z,0.2,0.22,Mar,2009,0,5.5,1.65,7.15,0.10015005,0.0770385,0.023111549999999998,0.11984995
PKT42,2009-04-30T00:00:00Z,0.2,0.27,Apr,2009,0,0.06,1.36,1.4200000000000002,0.019889940000000002,8.404199999999999e-4,0.01904952,0.25011006
PKT42,2009-05-26T00:00:00Z,0.2,0.23,May,2009,0,0.0903,3.07,3.1603,0.0442663221,0.0012648321,0.043001489999999996,0.1857336779
PKT42,2009-09-30T00:00:00Z,0.2,0.32,Sep,2009,0,0.31,0.33,0.64,0.00896448,0.00434217,0.004622309999999999,0.31103552
PKT42,2010-05-27T00:00:00Z,0.2,0.23,May,2010,0,0.67,5.18,5.85,0.08194094999999998,0.009384690000000001,0.07255626,0.14805905000000003
PKT42,2010-06-25T00:00:00Z,0.2,0.29,Jun,2010,0,0.49,2.86,3.3499999999999996,0.04692345,0.00686343,0.040060019999999995,0.24307654999999997
PKT42,2010-07-27T00:00:00Z,0.2,0.41,Jul,2010,0,0.0900000025,1.65,1.7400000025,0.0243721800350175,0.0012606300350175,0.023111549999999998,0.38562781996498247
PKT42,2010-08-19T00:00:00Z,0.2,0.42,Aug,2010,0,0.26,0.92,1.1800000000000002,0.016528260000000003,0.00364182,0.01288644,0.40347173999999997
PKT42,2010-09-16T00:00:00Z,0.2,0.32,Sep,2010,0,0.0900000053,2.43,2.5200000053,0.0352976400742371,0.0012606300742371,0.03403701,0.2847023599257629
PKT42,2011-02-17T00:00:00Z,0.2,0.27,Feb,2011,0,1.17,0.66,1.83,0.02563281,0.016388189999999997,0.009244619999999999,0.24436719
PKT42,2011-04-25T00:00:00Z,0.2,0.19,Apr,2011,0,1.82,6.11,7.930000000000001,0.11107551,0.02549274,0.08558277,0.07892449
PKT42,2011-06-28T00:00:00Z,0.2,0.23,Jun,2011,0,0.52,7.37,7.890000000000001,0.11051523,0.00728364,0.10323159,0.11948477
PKT42,2011-07-27T00:00:00Z,0.2,0.25,Jul,2011,0,0.07,0.15,0.22,0.00308154,9.8049e-4,0.0021010499999999997,0.24691846
PKT42,2011-09-13T00:00:00Z,0.2,0.41,Sep,2011,0,0.1,0.15,0.25,0.00350175,0.0014007,0.0021010499999999997,0.40649824999999995
PKT42,2012-02-16T00:00:00Z,0.2,0.49,Feb,2012,0.1,2.69,1.601,4.291,0.060104037000000006,0.037678829999999996,0.022425207,0.429895963
PKT42,2012-04-30T00:00:00Z,0.2,0.23,Apr,2012,0.2,2.54,13.185,15.725000000000001,0.22026007500000003,0.035577779999999996,0.18468229500000002,0.009739924999999983
PKT42,2012-05-21T00:00:00Z,0.2,0.27,May,2012,0.2,0.25,3.382,3.632,0.050873424,0.00350175,0.047371673999999996,0.21912657600000002
PKT42,2012-08-24T00:00:00Z,0.2,0.23,Aug,2012,0.1,0.48,0.667,1.147,0.016066029,0.006723359999999999,0.009342669000000001,0.213933971
PKT42,2012-09-24T00:00:00Z,0.2,0.3,Sep,2012,0,0.49,12.568,13.058,0.182903406,0.00686343,0.176039976,0.117096594
PKT42,2012-12-13T00:00:00Z,0.2,0.26,Dec,2012,0.2,4.79,12.139,16.929,0.237124503,0.06709353,0.170030973,0.022875497000000022
PKT42,2013-04-29T00:00:00Z,0.2,0.23,Apr,2013,0,0.17,1.818,1.988,0.027845916,0.00238119,0.025464726,0.202154084
PKT42,2013-08-15T00:00:00Z,0.2,0.29,Aug,2013,0.156,3.35,2.161,5.511,0.077192577,0.046923450000000005,0.030269127,0.212807423
PKT42,2014-05-29T00:00:00Z,0.2,0.24,May,2014,0.2,0.37,1.88,2.25,0.03151575,0.00518259,0.026333159999999998,0.20848424999999998
PKT42,2015-01-23T00:00:00Z,0.2,0.76,Jan,2015,0.1,4.86,0.3,5.16,0.07227612,0.06807402,0.004202099999999999,0.6877238800000001
PKT42,2017-07-21T00:00:00Z,0.2,0.38,Jul,2017,0.2,0.17,0.22,0.39,0.00546273,0.00238119,0.00308154,0.37453727
PKT42,2017-10-04T00:00:00Z,0.2,0.31,Oct,2017,0.2,0.1,0.29,0.39,0.00546273,0.0014007,0.00406203,0.30453726999999997
PKT42,2019-05-22T00:00:00Z,0.004,0.31464232394654,May,2019,0.004,0.17381158736791713,0.03948553695864336,0.2132971243265605,0.002987652820442133,0.002434578904262415,5.530739161797175e-4,0.3116546711260979
PKT42,2019-06-13T00:00:00Z,0.217,0.189880154914566,Jun,2019,0.217,0.6681735802425371,0.3239112228194657,0.9920848030620029,0.013896131836489474,0.009359107338457217,0.004537024498032256,0.17598402307807653
PKT42,2019-07-10T00:00:00Z,0.367,0.315250233017929,Jul,2019,0.367,0.2598471438232893,0.6417928544177407,0.9016399982410299,0.012629271455362107,0.0036396789435328126,0.008989592511829294,0.3026209615625669
PKT42,2019-07-22T00:00:00Z,0.126,0.296700936511235,Jul,2019,0.126,2.7585133207067787,2.03795706999995,4.7964703907067285,0.06718416076262915,0.03863849608313985,0.028545664679489297,0.22951677574860588
PKT42,2019-08-13T00:00:00Z,0.105,0.255648326631763,Aug,2019,0.105,1.6121159935310072,3.2207050239120143,4.832821017443021,0.0676933239913244,0.022580908721388817,0.045112415269935584,0.18795500264043863
PKT42,2019-09-06T00:00:00Z,0.119,0.28031523385026,Sep,2019,0.119,2.291504866351907,1.3195075228407929,3.6110123891927,0.05057945053542215,0.03209710866299116,0.018482341872430984,0.22973578331483788
PKT42,2019-09-26T00:00:00Z,0.076,0.23099499572391,Sep,2019,0.076,0.549870781402805,0.3915101910935429,0.9413809724963479,0.013185923281756344,0.0077020400351090895,0.005483883246647255,0.21780907244215364
PKT42,2019-10-24T00:00:00Z,0.371,0.224793341221832,Oct,2019,0.371,0.393102323326935,0.06911674978429293,0.46221907311122795,0.0064743025570689694,0.005506184242840378,9.68118314228591e-4,0.21831903866476304
PRV70,2007-05-17T00:00:00Z,0.2,0.1262978,May,2007,0,0.0927,0.49,0.5827,0.008161878899999999,0.0012984489,0.00686343,0.11813592109999999
PRV70,2007-05-22T00:00:00Z,0.2,0.1262852,May,2007,0,0.0918,1.25,1.3418,0.0187945926,0.0012858426000000001,0.01750875,0.1074906074
PRV70,2007-05-30T00:00:00Z,0.2,0.5664399999999999,May,2007,0,10.46,2.56,13.020000000000001,0.18237114000000001,0.14651322000000003,0.03585792,0.38406885999999996
PRV70,2007-06-06T00:00:00Z,0.2,0.21208,Jun,2007,0,6.22,1.57,7.79,0.10911453,0.08712353999999999,0.02199099,0.10296546999999999
PRV70,2007-06-21T00:00:00Z,0.2,0.75304,Jun,2007,0,7.36,3.23,10.59,0.14833412999999998,0.10309152,0.04524261,0.6047058700000001
PRV70,2007-06-27T00:00:00Z,0.2,0.244,Jun,2007,0,8.5,1.08,9.58,0.13418706,0.1190595,0.01512756,0.10981294
PRV70,2007-07-05T00:00:00Z,0.2,0.34592,Jul,2007,0,15.78,2.1,17.88,0.25044516,0.22103045999999998,0.0294147,0.09547484
PRV70,2007-07-11T00:00:00Z,0.2,0.26514,Jul,2007,0,10.01,2.17,12.18,0.17060525999999998,0.14021007,0.03039519,0.09453474
PRV70,2007-07-20T00:00:00Z,0.2,0.26724000000000003,Jul,2007,0,10.16,2.39,12.55,0.17578785,0.14231111999999999,0.03347673,0.09145215000000004
PRV70,2007-07-26T00:00:00Z,0.2,0.49114,Jul,2007,0,11.51,2.33,13.84,0.19385687999999998,0.16122056999999998,0.03263631,0.29728312
PRV70,2007-08-02T00:00:00Z,0.2,0.30938,Aug,2007,0,13.17,2.39,15.56,0.21794892000000002,0.18447218999999998,0.03347673,0.09143107999999997
PRV70,2007-08-07T00:00:00Z,0.2,0.59072,Aug,2007,0,11.48,3.88,15.36,0.21514751999999998,0.16080036,0.05434716,0.37557248000000004
PRV70,2007-08-14T00:00:00Z,0.2,0.8249000000000001,Aug,2007,0,10.35,1.97,12.32,0.17256623999999998,0.14497244999999997,0.02759379,0.6523337600000001
PRV70,2007-08-21T00:00:00Z,0.2,0.7594000000000001,Aug,2007,0,7.1,1.84,8.94,0.12522258,0.09944969999999999,0.02577288,0.6341774200000001
PRV70,2007-09-05T00:00:00Z,0.2,0.24764,Sep,2007,0,8.76,2.67,11.43,0.16010001,0.12270131999999999,0.03739869,0.08753999000000001
PRV70,2007-09-12T00:00:00Z,0.2,0.77924,Sep,2007,0,10.66,4.93,15.59,0.21836913,0.14931461999999998,0.06905451,0.56087087
PRV70,2007-09-18T00:00:00Z,0.2,0.31162,Sep,2007,0,13.33,2.67,16,0.224112,0.18671331,0.03739869,0.087508
PRV70,2007-09-25T00:00:00Z,0.2,0.25954,Sep,2007,0,9.61,0.92,10.53,0.14749371,0.13460727,0.01288644,0.11204628999999999
PRV70,2007-10-04T00:00:00Z,0.2,0.20634,Oct,2007,0,5.81,1.36,7.17,0.10043019,0.08138066999999999,0.01904952,0.10590981
PRV70,2007-10-11T00:00:00Z,0.2,0.23587999999999998,Oct,2007,0,7.92,2.22,10.14,0.14203098,0.11093544,0.031095540000000005,0.09384901999999998
PRV70,2008-05-06T00:00:00Z,0.2,0.3144,May,2008,0,8.71,1.22,9.930000000000001,0.13908951000000003,0.12200097000000001,0.01708854,0.17531048999999999
PRV70,2008-05-15T00:00:00Z,0.2,0.4,May,2008,0,9.27,1.17,10.44,0.14623308,0.12984489,0.016388189999999997,0.25376692
PRV70,2008-05-21T00:00:00Z,0.2,0.32,May,2008,0,10.59,1.91,12.5,0.1750875,0.14833412999999998,0.026753369999999995,0.1449125
PRV70,2008-05-28T00:00:00Z,0.2,0.5,May,2008,0,12.69,5.53,18.22,0.25520753999999995,0.17774883,0.07745871,0.24479246000000005
PRV70,2008-06-04T00:00:00Z,0.2,0.42,Jun,2008,0,10.38,4.52,14.9,0.20870429999999998,0.14539266,0.06331163999999999,0.2112957
PRV70,2008-06-10T00:00:00Z,0.2,0.45,Jun,2008,0,12.05,10.5,22.55,0.31585785,0.16878435000000003,0.1470735,0.13414215000000002
PRV70,2008-06-18T00:00:00Z,0.2,0.48,Jun,2008,0,16.05,5.64,21.69,0.30381183,0.22481235000000002,0.07899948,0.17618816999999998
PRV70,2008-06-25T00:00:00Z,0.2,0.48,Jun,2008,0,9.02,5.16,14.18,0.19861926,0.12634314,0.07227612,0.28138074
PRV70,2008-07-03T00:00:00Z,0.2,0.41,Jul,2008,0,9.74,3.55,13.29,0.18615302999999997,0.13642818,0.049724849999999994,0.22384697
PRV70,2008-07-09T00:00:00Z,0.2,0.46099999999999997,Jul,2008,0,7.45,5.24,12.690000000000001,0.17774883000000002,0.10435214999999999,0.07339668,0.28325116999999994
PRV70,2008-07-17T00:00:00Z,0.2,0.404,Jul,2008,0,5.72,3.81,9.53,0.13348670999999998,0.08012003999999999,0.05336667,0.27051329
PRV70,2008-07-22T00:00:00Z,0.2,0.7004999999999999,Jul,2008,0,6.19,6.21,12.4,0.1736868,0.08670333000000001,0.08698347,0.5268131999999999
PRV70,2008-07-31T00:00:00Z,0.2,0.35,Jul,2008,0,5.47,7,12.469999999999999,0.17466728999999998,0.07661829,0.098049,0.17533271
PRV70,2008-08-05T00:00:00Z,0.2,0.46,Aug,2008,0,6.09,7.68,13.77,0.19287638999999998,0.08530262999999999,0.10757375999999999,0.26712361000000007
PRV70,2008-08-15T00:00:00Z,0.2,0.36,Aug,2008,0,3.89,2.8,6.6899999999999995,0.09370682999999999,0.054487230000000005,0.0392196,0.26629316999999997
PRV70,2008-08-19T00:00:00Z,0.2,0.31,Aug,2008,0,4.21,3.18,7.390000000000001,0.10351173,0.05896947,0.04454226,0.20648827
PRV70,2008-08-26T00:00:00Z,0.2,0.38,Aug,2008,0,3.57,6.88,10.45,0.14637314999999998,0.05000499,0.09636816000000001,0.23362685000000002
PRV70,2008-09-04T00:00:00Z,0.2,0.56,Sep,2008,0,14.75,4.42,19.17,0.26851419000000004,0.20660325000000002,0.06191094,0.29148581
PRV70,2008-09-11T00:00:00Z,0.2,0.43,Sep,2008,0,4.35,3,7.35,0.10295145,0.06093044999999999,0.042021,0.32704855
PRV70,2008-09-17T00:00:00Z,0.2,0.3,Sep,2008,0,2.49,3.07,5.5600000000000005,0.07787892,0.03487743,0.043001489999999996,0.22212107999999997
PRV70,2008-10-02T00:00:00Z,0.2,0.35,Oct,2008,0,2.36,4.15,6.51,0.09118557,0.03305652,0.05812905000000001,0.25881443
PRV70,2008-10-08T00:00:00Z,0.2,0.37,Oct,2008,0,4.53,3.64,8.17,0.11443719,0.06345171,0.05098548,0.25556281000000003
PRV70,2008-10-17T00:00:00Z,0.2,0.38,Oct,2008,0,7.08,3.17,10.25,0.14357175,0.09916956,0.044402189999999994,0.23642825
PRV70,2011-07-18T00:00:00Z,0.2,0.36,Jul,2011,0,5.98,2.71,8.690000000000001,0.12172083000000002,0.08376186,0.03795897,0.23827916999999998
PRV70,2011-09-12T00:00:00Z,0.2,0.33,Sep,2011,0,2.96,1.82,4.78,0.06695346,0.04146072,0.02549274,0.26304654
PRV70,2012-08-08T00:00:00Z,0.2,0.68,Aug,2012,0.1,8.83,0.392,9.222,0.129172554,0.12368181,0.0054907440000000005,0.550827446
PRV70,2019-05-22T00:00:00Z,0.116,0.357246230164067,May,2019,0.116,7.458889079007286,3.9640691295555217,11.422958208562807,0.16000137562733924,0.10447665932965505,0.05552471629768419,0.19724485453672774
PRV70,2019-06-13T00:00:00Z,0.148,0.439994654297883,Jun,2019,0.148,7.4949289342161425,3.967490803757243,11.462419737973386,0.16055411326979321,0.10498146958156551,0.05557264368822771,0.2794405410280898
PRV70,2019-07-10T00:00:00Z,0.193,0.357867559206852,Jul,2019,0.193,6.485987170155129,6.574120182863092,13.060107353018221,0.1829329236937262,0.09084922229236288,0.09208370140136332,0.17493463551312577
PRV70,2019-07-22T00:00:00Z,0.276,0.249361359247413,Jul,2019,0.276,7.111706068028272,4.657304377351051,11.769010445379323,0.16484852930842817,0.099613666894872,0.06523486241355617,0.08451282993898485
PRV70,2019-08-13T00:00:00Z,0.151,0.322974606834097,Aug,2019,0.151,5.859587972400929,6.5779180578634575,12.437506030264387,0.17421214696591325,0.0820752487294198,0.09213689823649344,0.14876245986818376
PRV70,2019-09-06T00:00:00Z,0.247,0.237957300183206,Sep,2019,0.247,9.044704736347857,4.821949065241692,13.86665380158955,0.19423021979886482,0.1266891792420244,0.06754104055684039,0.04372708038434117
PRV70,2019-09-26T00:00:00Z,-0.007,0.400872429671873,Sep,2019,-0.007,8.631676821249286,7.454358628673786,16.086035449923074,0.22531709854707246,0.12090389723523874,0.10441320131183372,0.1755553311248005
PYC43,2017-10-04T00:00:00Z,0.2,0.26,Oct,2017,0.2,1,9.13,10.13,0.14189091,0.014007,0.12788391000000002,0.11810909
PYC43,2019-05-22T00:00:00Z,0.206,0.169500202764797,May,2019,0.206,0.10961856909679715,0.09330112594877071,0.20291969504556787,0.002842296168503269,0.0015354272973388376,0.0013068688711644315,0.16665790659629373
PYC43,2019-06-13T00:00:00Z,0.122,0.118394716122003,Jun,2019,0.122,0.6427732667009664,0.5623224465181721,1.2050957132191384,0.01687977565506047,0.009003325146680435,0.007876450508380036,0.10151494046694254
PYC43,2019-07-10T00:00:00Z,0.288,0.207772811437914,Jul,2019,0.288,0.24405585688277215,0.13318224386050073,0.3772381007432729,0.005283974077111023,0.0034184903873569895,0.0018654836897540336,0.20248883736080298
PYC43,2019-07-22T00:00:00Z,0.245,0.18256615615706,Jul,2019,0.245,1.0077399088215857,0.23691640992352214,1.2446563187451078,0.017433901056662728,0.01411541290286395,0.0033184881537987746,0.16513225510039728
PYC43,2019-08-13T00:00:00Z,0.196,0.198174672800502,Aug,2019,0.196,0.3778416298514686,0.07708831032347,0.4549299401749386,0.006372203672030364,0.00529242770932952,0.001079775962700844,0.19180246912847163
PYC43,2019-09-06T00:00:00Z,0.153,0.166274643208193,Sep,2019,0.153,2.093503937441857,0.04255307698178222,2.1360570144236393,0.029919750601031914,0.029323709651748093,5.960409492838236e-4,0.13635489260716108
PYC43,2019-09-26T00:00:00Z,0.06,0.193970215221266,Sep,2019,0.06,0.5458419648325921,0.032523535536504354,0.5783655003690964,0.008101165563669934,0.007645608401410117,4.5555716225981647e-4,0.18586904965759607
RRC46,2019-05-23T00:00:00Z,0.098,0.275648918255922,May,2019,0.098,3.1034481281206068,1.4411225343146714,4.544570662435278,0.06365580126873094,0.043469997930585334,0.0201858033381456,0.2119931169871911
RRC46,2019-06-12T00:00:00Z,0.099,0.171991682101644,Jun,2019,0.099,2.311499731710457,1.726425300989407,4.037925032699864,0.05655921593302699,0.03237717674206837,0.024182039190958623,0.11543246616861702
RRC46,2019-07-09T00:00:00Z,0.254,0.458992101753045,Jul,2019,0.254,5.1648638104238715,3.0774222352820715,8.242286045705942,0.11544970064220313,0.07234424739260717,0.04310545324959598,0.3435424011108419
RRC46,2019-07-24T00:00:00Z,0.193,0.428568001684946,Jul,2019,0.193,4.525426922578792,4.0286610235867855,8.554087946165577,0.11981710986194123,0.06338765490456115,0.0564294549573801,0.3087508918230048
RRC46,2019-08-14T00:00:00Z,0.199,0.20145888159086,Aug,2019,0.199,1.6655794093190428,0.5110236867290643,2.1766030960481073,0.03048767956634584,0.023329770786331833,0.007157908780014003,0.17097120202451416
RRC46,2019-09-05T00:00:00Z,0.195,0.431701017052884,Sep,2019,0.195,1.9395755089161355,2.726471219360807,4.6660467282769424,0.06535731652297512,0.02716763415338831,0.03818968236958682,0.3663437005299089
RRC46,2019-09-27T00:00:00Z,0.246,0.262880453557031,Sep,2019,0.246,0.9989653343765001,0.16835207409573785,1.167317408472238,0.01635061494047064,0.013992507438611638,0.002358107501859,0.24652983861656036
RRC46,2019-10-25T00:00:00Z,0.237,0.498050115012876,Oct,2019,0.237,3.5757490148424784,1.1106990088373785,4.686448023679857,0.06564307746768375,0.05008551645089859,0.01555756101678516,0.4324070375451923
RRY47,2010-05-20T00:00:00Z,0.2,0.55,May,2010,0,10.88,3.44,14.32,0.20058024,0.15239616,0.048184080000000004,0.3494197600000001
RRY47,2010-07-23T00:00:00Z,0.2,0.72,Jul,2010,0,17.71,4.41,22.12,0.30983484,0.24806397000000002,0.061770870000000005,0.41016516
RRY47,2010-09-03T00:00:00Z,0.2,0.56,Sep,2010,0,12.32,2.07,14.39,0.20156073,0.17256623999999998,0.028994489999999994,0.3584392700000001
RRY47,2010-09-03T00:00:00Z,0.2,0.56,Sep,2010,0,15.9,5.8,21.7,0.30395189999999994,0.2227113,0.0812406,0.2560481000000001
RRY47,2011-07-18T00:00:00Z,0.2,0.55,Jul,2011,0,14.37,2.83,17.2,0.24092039999999998,0.20128058999999998,0.03963981,0.30907960000000007
RRY47,2011-09-12T00:00:00Z,0.2,0.56,Sep,2011,0,5.29,3.72,9.01,0.12620307,0.07409703000000001,0.05210604,0.4337969300000001
RRY47,2012-08-08T00:00:00Z,0.2,0.49,Aug,2012,0.1,7.54,0.22,7.76,0.10869432,0.10561278,0.00308154,0.38130568
RRY47,2012-09-12T00:00:00Z,0.2,0.6,Sep,2012,0.1,7.59,8.552,16.142,0.226100994,0.10631313,0.11978786399999998,0.373899006
RRY47,2017-07-21T00:00:00Z,0.2,0.43,Jul,2017,0.2,9.47,1.28,10.75,0.15057525,0.13264629,0.01792896,0.27942475
RRY47,2017-10-04T00:00:00Z,0.2,0.53,Oct,2017,0.2,16.76,4.26,21.020000000000003,0.29442714000000003,0.23475732000000002,0.05966981999999999,0.23557286
RRY47,2019-05-22T00:00:00Z,0.335,0.59048456420239,May,2019,0.335,8.993710942584428,1.1460410611870857,10.139752003771514,0.1420275063168276,0.1259749091727801,0.016052597144047512,0.44845705788556245
RRY47,2019-06-13T00:00:00Z,0.118,0.174850749077239,Jun,2019,0.118,8.026973832673573,1.7423193825693215,9.769293215242895,0.13683849006590723,0.11243382247425873,0.024404667591648485,0.03801225901133176
RRY47,2019-07-10T00:00:00Z,0.166,0.381442605935412,Jul,2019,0.166,15.774908034319214,2.58470570630475,18.359613740623963,0.25716310966491984,0.22095913683670923,0.03620397282821063,0.12427949627049217
RRY47,2019-07-22T00:00:00Z,0.169,0.510025566429279,Jul,2019,0.169,16.710564856181644,2.2624725534871857,18.97303740966883,0.26575533499723125,0.2340648819405363,0.03169045305669501,0.24427023143204774
RRY47,2019-08-13T00:00:00Z,0.123,0.53973238699771,Aug,2019,0.123,16.927537473185353,2.373974302959657,19.30151177614501,0.27035627544846313,0.23710401738690723,0.03325225806155591,0.26937611154924684
RRY47,2019-09-06T00:00:00Z,0.204,0.449746968518473,Sep,2019,0.204,5.659327706717629,0.7806703624714214,6.43999806918905,0.09020505295513102,0.07927020318799383,0.0109348497671372,0.359541915563342
RRY47,2019-09-26T00:00:00Z,0.101,0.449746968518473,Sep,2019,0.101,16.363449797907286,0.36855943754618997,16.732009235453475,0.23436525336099684,0.22920284131928736,0.005162412041709483,0.21538171515747617
RRY47,2019-10-24T00:00:00Z,0.311,0.613599279643653,Oct,2019,0.311,17.25564238290793,1.0448080774700286,18.30045046037796,0.25633440959851406,0.24169978285739138,0.014634626741122689,0.35726487004513896
SMT50,2007-05-17T00:00:00Z,0.2,0.2513216,May,2007,0,0.0944,0.0107,0.1051,0.0014721356999999999,0.0013222608,1.498749e-4,0.2498494643
SMT50,2007-05-22T00:00:00Z,0.2,0.401274,May,2007,0,0.091,0.49,0.581,0.008138066999999999,0.0012746370000000001,0.00686343,0.39313593300000005
SMT50,2007-05-30T00:00:00Z,0.2,0.27226,May,2007,0,1.59,0.58,2.17,0.03039519,0.02227113,0.00812406,0.24186481
SMT50,2007-06-06T00:00:00Z,0.2,0.28038,Jun,2007,0,2.17,4.72,6.89,0.09650823,0.03039519,0.06611304,0.18387177000000002
SMT50,2007-06-14T00:00:00Z,0.2,0.28836,Jun,2007,0,2.74,2.3,5.04,0.07059528,0.038379180000000006,0.0322161,0.21776472000000002
SMT50,2007-06-21T00:00:00Z,0.2,0.86142,Jun,2007,0,1.53,1.38,2.91,0.040760370000000004,0.021430710000000002,0.01932966,0.82065963
SMT50,2007-06-21T00:00:00Z,0.2,0.86142,Jun,2007,0,2.72,1.7,4.42,0.06191094,0.03809904,0.023811899999999997,0.79950906
SMT50,2007-06-27T00:00:00Z,0.2,0.26694,Jun,2007,0,1.21,2.18,3.39,0.04748373,0.01694847,0.03053526,0.21945627
SMT50,2007-07-05T00:00:00Z,0.2,0.28988,Jul,2007,0,1.42,3.29,4.71,0.06597297,0.01988994,0.046083030000000004,0.22390703
SMT50,2007-07-11T00:00:00Z,0.2,0.30198,Jul,2007,0,1.57,3.15,4.72,0.06611304,0.02199099,0.044122049999999996,0.23586696000000001
SMT50,2007-07-20T00:00:00Z,0.2,0.27954,Jul,2007,0,2.11,4.59,6.699999999999999,0.0938469,0.029554769999999998,0.06429213,0.1856931
SMT50,2007-07-26T00:00:00Z,0.2,0.26498,Jul,2007,0,1.07,1.27,2.34,0.032776379999999994,0.014987490000000001,0.017788889999999998,0.23220362
SMT50,2007-08-02T00:00:00Z,0.2,0.264,Aug,2007,0,1,0.82,1.8199999999999998,0.025492739999999996,0.014007,0.01148574,0.23850726000000003
SMT50,2007-08-07T00:00:00Z,0.2,0.58946,Aug,2007,0,1.39,1.96,3.3499999999999996,0.04692345,0.019469729999999998,0.02745372,0.54253655
SMT50,2007-08-21T00:00:00Z,0.2,0.2661,Aug,2007,0,1.15,0.48,1.63,0.02283141,0.01610805,0.006723359999999999,0.24326859
SMT50,2007-09-05T00:00:00Z,0.2,0.60658,Sep,2007,0,0.47,0.46,0.9299999999999999,0.013026509999999998,0.0065832899999999995,0.00644322,0.59355349
SMT50,2007-09-12T00:00:00Z,0.2,0.2675,Sep,2007,0,1.25,5.58,6.83,0.09566781,0.01750875,0.07815906,0.17183219
SMT50,2007-09-18T00:00:00Z,0.2,0.278,Sep,2007,0,2,0.53,2.5300000000000002,0.035437710000000004,0.028014,0.00742371,0.24256229
SMT50,2007-09-25T00:00:00Z,0.2,0.25756,Sep,2007,0,0.54,0.96,1.5,0.0210105,0.00756378,0.013446719999999999,0.23654950000000002
SMT50,2007-10-04T00:00:00Z,0.2,0.28962,Oct,2007,0,2.83,1.09,3.92,0.05490744,0.03963981,0.01526763,0.23471256
SMT50,2007-10-11T00:00:00Z,0.2,0.37712,Oct,2007,0,9.08,8.59,17.67,0.24750369,0.12718356,0.12032013,0.12961631
SMT50,2008-05-06T00:00:00Z,0.2,0.3,May,2008,0,3.59,2.11,5.699999999999999,0.07983989999999999,0.05028513,0.029554769999999998,0.2201601
SMT50,2008-05-15T00:00:00Z,0.2,0.27,May,2008,0,2.53,1.81,4.34,0.06079038,0.03543771,0.02535267,0.20920962
SMT50,2008-05-21T00:00:00Z,0.2,0.24,May,2008,0,3.21,1.04,4.25,0.05952975,0.04496247,0.01456728,0.18047025
SMT50,2008-05-28T00:00:00Z,0.2,0.26,May,2008,0,2.44,1.74,4.18,0.05854926,0.03417708,0.02437218,0.20145074000000002
SMT50,2008-06-04T00:00:00Z,0.2,0.28,Jun,2008,0,1.75,2.06,3.81,0.05336667,0.02451225,0.028854420000000002,0.22663333000000002
SMT50,2008-06-10T00:00:00Z,0.2,0.24,Jun,2008,0,0.38,5.3,5.68,0.07955976,0.00532266,0.0742371,0.16044024
SMT50,2008-06-18T00:00:00Z,0.2,0.26,Jun,2008,0,0.64,4.47,5.109999999999999,0.07157577,0.00896448,0.06261129,0.18842423000000003
SMT50,2008-06-25T00:00:00Z,0.2,0.41,Jun,2008,0,0.55,6.66,7.21,0.10099047,0.00770385,0.09328662,0.30900953
SMT50,2008-07-03T00:00:00Z,0.2,0.62,Jul,2008,0,0.55,6.98,7.53,0.10547271000000001,0.00770385,0.09776886,0.51452729
SMT50,2008-07-09T00:00:00Z,0.2,0.285,Jul,2008,0,0.62,2.51,3.13,0.04384191,0.00868434,0.03515756999999999,0.24115809
SMT50,2008-08-05T00:00:00Z,0.2,0.53,Aug,2008,0,2.37,9.44,11.809999999999999,0.16542267,0.03319659,0.13222608,0.36457733000000003
SMT50,2008-08-15T00:00:00Z,0.2,0.39,Aug,2008,0,1.68,5.39,7.069999999999999,0.09902949,0.02353176,0.07549772999999999,0.29097051
SMT50,2008-08-19T00:00:00Z,0.2,0.37,Aug,2008,0,2.07,9.23,11.3,0.1582791,0.028994489999999994,0.12928461000000002,0.2117209
SMT50,2008-08-26T00:00:00Z,0.2,0.37,Aug,2008,0,1.84,8.19,10.03,0.14049021,0.02577288,0.11471732999999999,0.22950979
SMT50,2008-09-04T00:00:00Z,0.2,0.32,Sep,2008,0,0.7,2.45,3.1500000000000004,0.04412205,0.0098049,0.034317150000000005,0.27587795
SMT50,2008-09-11T00:00:00Z,0.2,0.43,Sep,2008,0,1.86,5.49,7.3500000000000005,0.10295145000000001,0.02605302,0.07689843,0.32704855
SMT50,2008-09-17T00:00:00Z,0.2,0.31,Sep,2008,0,0.97,4.58,5.55,0.07773885,0.01358679,0.06415206000000001,0.23226115
SMT50,2008-09-23T00:00:00Z,0.2,0.26,Sep,2008,0,3.81,2.68,6.49,0.09090543,0.05336667,0.037538760000000004,0.16909457
SMT50,2008-10-02T00:00:00Z,0.2,0.43,Oct,2008,0,2.09,7.35,9.44,0.13222608,0.02927463,0.10295145,0.29777392
SMT50,2008-10-08T00:00:00Z,0.2,0.44,Oct,2008,0,1.99,4.49,6.48,0.09076536,0.027873929999999998,0.06289143,0.34923464
SMT50,2008-10-17T00:00:00Z,0.2,0.33,Oct,2008,0,2.62,3.07,5.6899999999999995,0.07969982999999999,0.03669834,0.043001489999999996,0.25030017000000004
SMT50,2009-06-02T00:00:00Z,0.2,0.34,Jun,2009,0,0.98,5.03,6.01,0.08418207,0.01372686,0.07045521,0.25581793
SMT50,2009-06-17T00:00:00Z,0.2,0.39,Jun,2009,0,3.15,3.74,6.890000000000001,0.09650823000000001,0.044122049999999996,0.052386180000000004,0.29349177
SMT50,2009-07-01T00:00:00Z,0.2,0.45,Jul,2009,0,3.96,3.43,7.390000000000001,0.10351173,0.05546772,0.04804401,0.34648827000000004
SMT50,2009-07-21T00:00:00Z,0.2,0.32,Jul,2009,0,2.33,1.1,3.43,0.04804401,0.03263631,0.0154077,0.27195599000000004
SMT50,2009-08-12T00:00:00Z,0.2,0.31,Aug,2009,0,1.84,4.18,6.02,0.08432213999999999,0.02577288,0.05854926,0.22567786
SMT50,2009-08-27T00:00:00Z,0.2,0.35,Aug,2009,0,1.84,11.24,13.08,0.18321156,0.02577288,0.15743868,0.16678843999999998
SMT50,2009-09-11T00:00:00Z,0.2,0.32,Sep,2009,0,0.72,0.78,1.5,0.0210105,0.01008504,0.01092546,0.2989895
SMT50,2009-09-30T00:00:00Z,0.2,0.36,Sep,2009,0,1.28,2.05,3.33,0.04664331,0.01792896,0.028714349999999996,0.31335669
SMT50,2009-11-30T00:00:00Z,0.2,0.48,Nov,2009,0,7.5,3.36,10.86,0.15211602,0.1050525,0.04706352,0.32788397999999996
SMT50,2009-12-22T00:00:00Z,0.2,0.3,Dec,2009,0,6.86,1.38,8.24,0.11541768000000001,0.09608802,0.01932966,0.18458231999999997
SMT50,2010-02-22T00:00:00Z,0.2,0.35,Feb,2010,0,3.32,6.75,10.07,0.14105049,0.04650324,0.09454724999999999,0.20894950999999998
SMT50,2010-02-26T00:00:00Z,0.2,0.6,Feb,2010,0,4.41,4.71,9.120000000000001,0.12774384,0.061770870000000005,0.06597297,0.47225616
SMT50,2010-03-11T00:00:00Z,0.2,0.38,Mar,2010,0,3.95,7.25,11.2,0.1568784,0.05532765,0.10155075,0.2231216
SMT50,2010-05-04T00:00:00Z,0.2,0.31,May,2010,0,1.75,1.49,3.24,0.04538268,0.02451225,0.02087043,0.26461732
SMT50,2010-05-28T00:00:00Z,0.2,0.41,May,2010,0,1.13,5.44,6.57,0.09202599,0.015827909999999997,0.07619808,0.31797401
SMT50,2010-06-15T00:00:00Z,0.2,0.43,Jun,2010,0,1.73,2.83,4.5600000000000005,0.06387192,0.024232109999999998,0.03963981,0.36612807999999997
SMT50,2010-06-24T00:00:00Z,0.2,0.49,Jun,2010,0,0.99,2.5,3.49,0.04888443,0.01386693,0.0350175,0.44111557
SMT50,2010-06-28T00:00:00Z,0.2,0.29,Jun,2010,0,1.34,1.41,2.75,0.03851925,0.018769380000000002,0.01974987,0.25148075
SMT50,2010-07-23T00:00:00Z,0.2,0.65,Jul,2010,0,2.03,6.77,8.799999999999999,0.12326159999999999,0.028434209999999998,0.09482739,0.5267384
SMT50,2010-07-27T00:00:00Z,0.2,0.35,Jul,2010,0,1.1,4.68,5.779999999999999,0.08096045999999998,0.0154077,0.06555275999999999,0.26903953999999997
SMT50,2010-08-02T00:00:00Z,0.2,0.3,Aug,2010,0,0.53,0.41,0.94,0.013166579999999999,0.00742371,0.00574287,0.28683342
SMT50,2010-08-19T00:00:00Z,0.2,0.33,Aug,2010,0,0.81,1.31,2.12,0.02969484,0.01134567,0.01834917,0.30030516
SMT50,2010-09-03T00:00:00Z,0.2,0.38,Sep,2010,0,0.52,2.29,2.81,0.03935967,0.00728364,0.032076030000000005,0.34064033
SMT50,2010-09-16T00:00:00Z,0.2,0.28,Sep,2010,0,0.54,2.03,2.57,0.035997989999999994,0.00756378,0.028434209999999998,0.24400201000000005
SMT50,2010-10-26T00:00:00Z,0.2,0.41,Oct,2010,0,4.16,7.13,11.29,0.15813902999999999,0.05826912,0.09986990999999999,0.25186096999999996
SMT50,2011-01-28T00:00:00Z,0.2,0.33,Jan,2011,0,8.62,2.83,11.45,0.16038015,0.12074033999999999,0.03963981,0.16961985000000002
SMT50,2011-02-17T00:00:00Z,0.2,0.39,Feb,2011,0,3.99,5.58,9.57,0.13404699,0.05588793,0.07815906,0.25595301000000004
SMT50,2011-03-31T00:00:00Z,0.2,0.32,Mar,2011,0,5.49,12.03,17.52,0.24540263999999998,0.07689843,0.16850421,0.07459736000000003
SMT50,2011-04-25T00:00:00Z,0.2,0.33,Apr,2011,0,2.61,2.53,5.14,0.07199597999999999,0.03655827,0.03543771,0.25800402
SMT50,2011-06-28T00:00:00Z,0.2,0.38,Jun,2011,0,2.22,5.16,7.380000000000001,0.10337166,0.031095540000000005,0.07227612,0.27662834000000003
SMT50,2011-08-17T00:00:00Z,0.2,0.36,Aug,2011,0,1.5,8.53,10.03,0.14049021,0.0210105,0.11947970999999999,0.21950978999999998
SMT50,2011-09-13T00:00:00Z,0.2,0.35,Sep,2011,0,2.52,9.25,11.77,0.16486238999999997,0.03529764,0.12956475,0.18513761
SMT50,2011-12-30T00:00:00Z,0.2,0.37,Dec,2011,0,10.19,2.161,12.350999999999999,0.173000457,0.14273133,0.030269127,0.196999543
SMT50,2012-03-30T00:00:00Z,0.2,0.31,Mar,2012,0,2.03,6.063,8.093,0.11335865099999999,0.028434209999999998,0.08492444099999999,0.19664134900000002
SMT50,2012-04-30T00:00:00Z,0.2,0.37,Apr,2012,0,3.89,14.776,18.666,0.261454662,0.054487230000000005,0.206967432,0.10854533799999999
SMT50,2012-06-28T00:00:00Z,0.2,0.34,Jun,2012,0,2.6,10.371,12.971,0.181684797,0.0364182,0.145266597,0.15831520300000002
SMT50,2012-08-08T00:00:00Z,0.2,0.48,Aug,2012,0.1,3.26,0.03,3.2899999999999996,0.04608303,0.04566282,4.2020999999999996e-4,0.43391696999999996
SMT50,2012-08-24T00:00:00Z,0.2,0.3,Aug,2012,0,2.11,0.496,2.606,0.036502242,0.029554769999999998,0.006947472,0.26349775799999997
SMT50,2012-09-24T00:00:00Z,0.2,0.32,Sep,2012,0,2.29,13.613,15.902999999999999,0.22275332099999998,0.032076030000000005,0.190677291,0.09724667900000003
SMT50,2012-10-26T00:00:00Z,0.2,0.42,Oct,2012,0,6.84,3.854,10.693999999999999,0.149790858,0.09580788,0.053982978,0.270209142
SMT50,2012-11-27T00:00:00Z,0.2,0.32,Nov,2012,0,7.59,2.809,10.399000000000001,0.145658793,0.10631313,0.039345663,0.174341207
SMT50,2012-12-13T00:00:00Z,0.2,0.3,Dec,2012,0,6.05,12.046,18.096,0.253470672,0.08474235000000001,0.168728322,0.04652932799999998
SMT50,2013-03-29T00:00:00Z,0.2,0.29,Mar,2013,0.2,3.48,1.824,5.304,0.074293128,0.04874436,0.025548768,0.215706872
SMT50,2013-04-29T00:00:00Z,0.2,0.29,Apr,2013,0.2,2.01,5.542,7.552,0.10578086399999999,0.028154069999999996,0.07762679399999999,0.184219136
SMT50,2013-11-25T00:00:00Z,0.2,0.32,Nov,2013,0,6.74,3.671,10.411,0.145826877,0.09440718,0.051419697,0.174173123
SMT50,2014-05-29T00:00:00Z,0.2,0.27,May,2014,0,1.37,2.75,4.12,0.057708840000000004,0.019189590000000003,0.03851925,0.21229116
SMT50,2014-06-23T00:00:00Z,0.2,0.29,Jun,2014,0,0.78,8.28,9.059999999999999,0.12690342,0.01092546,0.11597795999999998,0.16309658
SMT50,2014-07-30T00:00:00Z,0.2,0.38,Jul,2014,0,2.75,4.1,6.85,0.09594794999999999,0.03851925,0.05742869999999999,0.28405205
SMT50,2015-01-23T00:00:00Z,0.2,0.28,Jan,2015,0,6.63,1.31,7.9399999999999995,0.11121558,0.09286641,0.01834917,0.16878442000000005
SMT50,2015-10-27T00:00:00Z,0.2,0.26,Oct,2015,0,4.11,6.11,10.22,0.14315154000000002,0.05756877,0.08558277,0.11684845999999999
SMT50,2015-11-25T00:00:00Z,0.2,0.26,Nov,2015,0,4.39,3.95,8.34,0.11681837999999999,0.06149072999999999,0.05532765,0.14318162
SMT50,2016-02-23T00:00:00Z,0.2,0.27,Feb,2016,0.2,2.92,2.35,5.27,0.07381688999999998,0.040900439999999996,0.03291645,0.19618311000000005
SMT50,2016-07-15T00:00:00Z,0.2,0.36,Jul,2016,0.2,0.65,7.41,8.06,0.11289642000000001,0.00910455,0.10379187000000001,0.24710358
SMT50,2016-08-16T00:00:00Z,0.2,0.58,Aug,2016,0.2,0.08,0.23,0.31,0.00434217,0.00112056,0.00322161,0.5756578299999999
SMT50,2016-10-19T00:00:00Z,0.2,0.47,Oct,2016,0.2,1.79,7.68,9.469999999999999,0.13264629,0.02507253,0.10757375999999999,0.33735371
SMT50,2016-10-19T00:00:00Z,0.2,0.47,Oct,2016,0.2,1.79,7.68,9.469999999999999,0.13264629,0.02507253,0.10757375999999999,0.33735371
SMT50,2019-05-23T00:00:00Z,0.176,0.34280422805643,May,2019,0.176,0.4900728799708936,0.2755507154607107,0.7656235954316043,0.010724089701210481,0.006864450829752306,0.0038596388714581746,0.33208013835521955
SMT50,2019-06-12T00:00:00Z,0.043,3.69230752673889,Jun,2019,0.043,2.8583641456043645,3.013845908962421,5.872210054566786,0.08225204623431696,0.04003710658748033,0.04221493964683663,3.610055480504573
SMT50,2019-07-09T00:00:00Z,0.244,0.542125161269546,Jul,2019,0.244,2.2763897283653574,1.5039081588706142,3.780297887235972,0.05295063250651425,0.03188539092521356,0.021065241581300694,0.48917452876303175
SMT50,2019-07-23T00:00:00Z,0.153,0.281921996954625,Jul,2019,0.153,2.8466534726152926,2.8727567422152718,5.719410214830564,0.0801117788791317,0.0398730751909224,0.04023870368820931,0.2018102180754933
SMT50,2019-08-13T00:00:00Z,0.194,0.227732551913722,Aug,2019,0.194,0.9259110179445144,0.4873988369780993,1.4133098549226137,0.01979623113790105,0.012969235628348813,0.006826995509552237,0.20793632077582094
SMT50,2019-09-06T00:00:00Z,0.102,0.17279124838774,Sep,2019,0.102,1.9282880384817143,0.17726236707412427,2.1055504055558387,0.02949244453062063,0.02700953055501337,0.0024829139756072584,0.14329880385711935
SMT50,2019-09-26T00:00:00Z,0.18,0.185824458746833,Sep,2019,0.18,0.8404195528781357,0.6210931613389972,1.461512714217133,0.02047140858803938,0.011771756677164047,0.008699651910875334,0.16535305015879362
SMT50,2019-10-24T00:00:00Z,0.293,0.287391728989903,Oct,2019,0.293,3.2850037369278358,3.1993732038698286,6.484376940797665,0.09082666780975289,0.04601304734314819,0.04481362046660469,0.1965650611801501
STR54,2009-07-01T00:00:00Z,0.2,0.92,Jul,2009,0,9.58,10.68,20.259999999999998,0.28378181999999996,0.13418706,0.14959476,0.6362181800000001
STR54,2009-07-21T00:00:00Z,0.2,0.5,Jul,2009,0,3.74,11.23,14.97,0.20968478999999998,0.052386180000000004,0.15729861,0.29031521000000005
STR54,2009-08-12T00:00:00Z,0.2,1.1,Aug,2009,0,11.17,19.21,30.380000000000003,0.42553266,0.15645819,0.26907447,0.6744673400000001
STR54,2009-08-27T00:00:00Z,0.2,0.74,Aug,2009,0,8.66,15.45,24.11,0.33770876999999994,0.12130062,0.21640814999999997,0.40229123000000006
STR54,2009-09-11T00:00:00Z,0.2,0.57,Sep,2009,0,7.24,8.57,15.81,0.22145067000000002,0.10141068,0.12003999,0.34854932999999994
STR54,2010-05-20T00:00:00Z,0.2,0.72,May,2010,0,5.92,8.88,14.8,0.2073036,0.08292144,0.12438216000000002,0.5126963999999999
STR54,2010-07-23T00:00:00Z,0.2,0.82,Jul,2010,0,3.3,7.19,10.49,0.14693342999999998,0.046223099999999996,0.10071033,0.67306657
STR54,2010-09-03T00:00:00Z,0.2,0.69,Sep,2010,0,4.75,10.77,15.52,0.21738864,0.06653325,0.15085539,0.4726113599999999
STR54,2011-07-18T00:00:00Z,0.2,0.58,Jul,2011,0,6.04,10.13,16.17,0.22649319000000004,0.08460227999999999,0.14189091,0.35350680999999995
STR54,2011-09-12T00:00:00Z,0.2,0.47,Sep,2011,0,2.37,4.64,7.01,0.09818907,0.03319659,0.06499248,0.37181093
STR54,2012-08-08T00:00:00Z,0.2,0.7,Aug,2012,0.1,4.12,0.03,4.15,0.05812905000000001,0.057708840000000004,4.2020999999999996e-4,0.6418709499999999
STR54,2019-05-22T00:00:00Z,0.077,0.542825957247191,May,2019,0.077,7.154802324352286,2.7394810160760428,9.894283340428329,0.1385892267493796,0.10021731615720246,0.03837191059217713,0.4042367304978114
STR54,2019-06-13T00:00:00Z,0.126,0.545359870043088,Jun,2019,0.126,11.6910382886255,3.522456519519657,15.213494808145157,0.2130954217776892,0.16375637330877738,0.049339048468911836,0.33226444826539875
STR54,2019-07-10T00:00:00Z,0.017,0.595915034503863,Jul,2019,0.017,3.4368077562738,2.314506319446214,5.751314075720014,0.08055865625861024,0.04813936624212712,0.03241929001648312,0.5153563782452527
STR54,2019-07-22T00:00:00Z,-0.009,0.405759883556533,Jul,2019,-0.009,4.145796633977222,3.1904698852344358,7.336266519211657,0.10275908513459768,0.05807017345211894,0.04468891168247874,0.3030007984219353
STR54,2019-08-13T00:00:00Z,-0.029,0.385374573850895,Aug,2019,-0.029,1.84339443430575,3.0721557746221286,4.915550208927879,0.0688521117764528,0.02582042584132064,0.04303168593513215,0.31652246207444223
STR54,2019-09-06T00:00:00Z,0.025,0.291719292914466,Sep,2019,0.025,5.0266024436686925,4.372918098267214,9.399520541935907,0.13165908423089623,0.07040762042846736,0.061251463802428865,0.1600602086835698
STR54,2019-09-26T00:00:00Z,0.01,0.264023720901393,Sep,2019,0.01,1.4800534307018929,4.557648267520993,6.037701698222886,0.08457008768700795,0.020731108403841413,0.06383897928316655,0.179453633214385
STR54,2019-10-24T00:00:00Z,0.139,0.69046249909685,Oct,2019,0.139,8.340503123783213,2.2759881496984855,10.6164912734817,0.14870519326765816,0.11682542725483147,0.03187976601282669,0.5417573058291918
